-- Auto-generated INSERT statements from DATA_WAWANCARA_UMKM.xlsx
-- Generated columns: no, nama_umkm, profil_umkm, jenis_umkm, nama_pemilik, alamat,
--   latitude, longitude, link_gmaps, kontak, jam_operasional, berkenan, qris

-- Sheet: Kelompok 1
INSERT INTO umkm_kelompok_1 (no, nama_umkm, profil_umkm, jenis_umkm, nama_pemilik, alamat, latitude, longitude, link_gmaps, kontak, jam_operasional, berkenan, qris) VALUES (1, 'Mutiari Craft', 'Mutiari Craft merupakan usaha kerajinan tangan', 'Kerajinan tangan', 'Ibu tiari', 'Jl. Raya Cendol Bar. Cendol, Ngadiejo, Kec.Kromengan, Kabupaten malang, Jawa Timur 65165', NULL, NULL, 'https://maps.app.goo.gl/PFMArFswaJiKYFtn8?g_st=ipc', '85852015188', '07.00 - 20.00 WIB', 'Ya', 'Tidak Berkenan');
INSERT INTO umkm_kelompok_1 (no, nama_umkm, profil_umkm, jenis_umkm, nama_pemilik, alamat, latitude, longitude, link_gmaps, kontak, jam_operasional, berkenan, qris) VALUES (2, 'Toko Sembako Putri', 'Toko sembako yang menyediakan berbagai kebutuhn pkok sehari-hari dengan produk berkualitas', 'Toko Sembako', 'Putri', 'Dsn krajan, RT.01/RW.01, Krajan, Ngadirejo, Kec.Kromengan, Kabupaten Malang, Jawa Timur 65165', NULL, NULL, 'https://maps.app.goo.gl/wiK9yThj5VpjonJf9?g_st=ipc', '82257751017', '07.00 - 20.00 WIB', 'Ya', 'Dibuatkan');
INSERT INTO umkm_kelompok_1 (no, nama_umkm, profil_umkm, jenis_umkm, nama_pemilik, alamat, latitude, longitude, link_gmaps, kontak, jam_operasional, berkenan, qris) VALUES (3, 'Jasa Angkut Barang', 'Jasa angkut barangyang melayani pengiriman dan pemindahan berbagai jenis barang dengan aman', 'Jasa', 'Alvaro', 'Dsn krajan, RT.01/RW.01, Krajan, Ngadirejo, Kec.Kromengan, Kabupaten Malang, Jawa Timur 65165', NULL, NULL, 'https://maps.app.goo.gl/wiK9yThj5VpjonJf9?g_st=ipc', '82257751017', '07.00 - 20.00 WIB', 'Ya', 'Dibuatkan');
INSERT INTO umkm_kelompok_1 (no, nama_umkm, profil_umkm, jenis_umkm, nama_pemilik, alamat, latitude, longitude, link_gmaps, kontak, jam_operasional, berkenan, qris) VALUES (4, 'Molen Pak Utomo', 'Menyediakan makanan ringan berupa jajan olahan molen', 'Makanan ringan', 'Pak utomo', 'Jl. Kromengan, Krajan, Ngadirejo, Kec.Kromengan, Kabupaten Malang, Jawa Timur 65165', -8.1282123, 112.5149661, 'https://maps.app.goo.gl/TBMfzcVjq4CxTpiF7?g_st=ipc', '85856045414', '07.00 - 16.00 WIB', 'Ya', 'Tidak Berkenan');
INSERT INTO umkm_kelompok_1 (no, nama_umkm, profil_umkm, jenis_umkm, nama_pemilik, alamat, latitude, longitude, link_gmaps, kontak, jam_operasional, berkenan, qris) VALUES (5, 'Jus Fruit', 'Menyediakan Minuman buah-buah segar', 'Minuman', 'Julaika', 'Jl. Kromengan, Krajan, Ngadirejo, Kec.Kromengan, Kabupaten Malang, Jawa Timur 65165', -8.1282123, 112.5149661, 'https://maps.app.goo.gl/TBMfzcVjq4CxTpiF7?g_st=ipc', '881027544945', '07.00 - 16.00 WIB', 'Ya', 'Tidak Berkenan');
INSERT INTO umkm_kelompok_1 (no, nama_umkm, profil_umkm, jenis_umkm, nama_pemilik, alamat, latitude, longitude, link_gmaps, kontak, jam_operasional, berkenan, qris) VALUES (6, 'Warung Makan Arah', 'Warung makan yang menyajikan aneka hidangan rumahan dengan cita rasa khas', 'Makanan Berat', 'Ibu Tiara', 'Jl. Kromengan, Krajan, Ngadirejo, Kec.Kromengan, Kabupaten Malang, Jawa Timur 65165', -8.1282123, 112.5149661, 'https://maps.app.goo.gl/TBMfzcVjq4CxTpiF7?g_st=ipc', NULL, '07.00 - 20.00 WIB', 'Ya', 'Tidak Berkenan');
INSERT INTO umkm_kelompok_1 (no, nama_umkm, profil_umkm, jenis_umkm, nama_pemilik, alamat, latitude, longitude, link_gmaps, kontak, jam_operasional, berkenan, qris) VALUES (7, 'Warung Mbah Roso', 'Warung makan yang menyajikan aneka hidangan rumahan dengan cita rasa khas', 'Makanan Berat', 'Ibu Marfuah', 'Jl. Kromengan, Krajan, Ngadirejo, Kec.Kromengan, Kabupaten Malang, Jawa Timur 65165', -8.1282123, 112.5149661, 'https://maps.app.goo.gl/TBMfzcVjq4CxTpiF7?g_st=ipc', '812138900337', '07.00 - 20.00 WIB', 'Ya', 'Tidak Berkenan');
INSERT INTO umkm_kelompok_1 (no, nama_umkm, profil_umkm, jenis_umkm, nama_pemilik, alamat, latitude, longitude, link_gmaps, kontak, jam_operasional, berkenan, qris) VALUES (8, 'Toko Sembako Ina', 'Toko sembako yang menyediakan berbagai kebutuhn pkok sehari-hari dengan produk berkualitas', 'Toko Sembako', 'Ibu Ina', 'Jl. Raya, RT No.07, Krajan, Ngadirejo, Kec.Kromengan, Kabupaten Malang, Jawa Timur 65165', -8.1286714, 112.5166803, 'https://maps.app.goo.gl/kJ2uv7Adipgmvvjq6?g_st=ipc', '85856045414', '07.00 - 00.00 WIB', 'Ya', 'Tidak Berkenan');
INSERT INTO umkm_kelompok_1 (no, nama_umkm, profil_umkm, jenis_umkm, nama_pemilik, alamat, latitude, longitude, link_gmaps, kontak, jam_operasional, berkenan, qris) VALUES (9, 'Batagor Somay', 'Menyediakan somay dan matagor dengan cita rasa khas', 'Makanan ringan', 'Pak Bagus', 'Jl. Raya, RT No.07, Krajan, Ngadirejo, Kec.Kromengan, Kabupaten Malang, Jawa Timur 65165', -8.1286714, 112.5166803, 'https://maps.app.goo.gl/kJ2uv7Adipgmvvjq6?g_st=ipc', '85745212438', '10.00 - 16.00 WIB', 'Ya', 'Sudah Ada');
INSERT INTO umkm_kelompok_1 (no, nama_umkm, profil_umkm, jenis_umkm, nama_pemilik, alamat, latitude, longitude, link_gmaps, kontak, jam_operasional, berkenan, qris) VALUES (10, 'Forbite Minuman', 'Menyediakan aneka minuman segar dengan berbagai macam varian rasa', 'Minuman', 'Mbak Mila', 'Jl. Raya, RT No.07, Krajan, Ngadirejo, Kec.Kromengan, Kabupaten Malang, Jawa Timur 65165', -8.1286714, 112.5166803, 'https://maps.app.goo.gl/kJ2uv7Adipgmvvjq6?g_st=ipc', '85187981600', '07.00 - 20.00 WIB', 'Ya', 'Sudah Ada');
INSERT INTO umkm_kelompok_1 (no, nama_umkm, profil_umkm, jenis_umkm, nama_pemilik, alamat, latitude, longitude, link_gmaps, kontak, jam_operasional, berkenan, qris) VALUES (11, 'Es Teler Sultan Creamy', 'Menyediakan aneka minuman segar dengan berbagai macam varian rasa', 'Minuman', NULL, 'Jl. Raya, RT No.07, Krajan, Ngadirejo, Kec.Kromengan, Kabupaten Malang, Jawa Timur 65165', -8.1286714, 112.5166803, 'https://maps.app.goo.gl/kJ2uv7Adipgmvvjq6?g_st=ipc', '85784595802', '16.00 - 19.30 WIB', 'Ya', 'Sudah Ada');
INSERT INTO umkm_kelompok_1 (no, nama_umkm, profil_umkm, jenis_umkm, nama_pemilik, alamat, latitude, longitude, link_gmaps, kontak, jam_operasional, berkenan, qris) VALUES (12, 'Bakso Cahaya', 'Menyediakan bakso dengan cita rasa gurih, kuah yang segar, dan bahan berkualitas', 'Makanan', 'Ibu Ika', 'Jl. Raya, RT No.07, Krajan, Ngadirejo, Kec.Kromengan, Kabupaten Malang, Jawa Timur 65165', -8.1286714, 112.5166803, 'https://maps.app.goo.gl/kJ2uv7Adipgmvvjq6?g_st=ipc', '83848083745', '07.00 - 20.00 WIB', 'Ya', 'Sudah Ada');
INSERT INTO umkm_kelompok_1 (no, nama_umkm, profil_umkm, jenis_umkm, nama_pemilik, alamat, latitude, longitude, link_gmaps, kontak, jam_operasional, berkenan, qris) VALUES (13, 'Top Up dan Pembayaran', 'Melayani berbagai kebutuhan top up dan pembayaran dengan proses cepat, mudah, dan terpercaya.', 'Jasa', 'Ibu Ika', 'Jl. Raya, RT No.07, Krajan, Ngadirejo, Kec.Kromengan, Kabupaten Malang, Jawa Timur 65165', -8.1286714, 112.5166803, 'https://maps.app.goo.gl/kJ2uv7Adipgmvvjq6?g_st=ipc', '83848083745', '07.00 - 20.00 WIB', 'Ya', 'Sudah Ada');
INSERT INTO umkm_kelompok_1 (no, nama_umkm, profil_umkm, jenis_umkm, nama_pemilik, alamat, latitude, longitude, link_gmaps, kontak, jam_operasional, berkenan, qris) VALUES (14, 'Mafia Dimsum', 'Menyediakan aneka dimsum dengan cita rasa rasa lezat, bahan berkualitas, dan secara higienis', 'Makanan ringan', 'Mas Aldi', 'Jl. Raya, RT No.07, Krajan, Ngadirejo, Kec.Kromengan, Kabupaten Malang, Jawa Timur 65165', -8.1286714, 112.5166803, 'https://maps.app.goo.gl/kJ2uv7Adipgmvvjq6?g_st=ipc', '85187981600', '13.00 - 21.00 WIB', 'Ya', 'Dibuatkan');
INSERT INTO umkm_kelompok_1 (no, nama_umkm, profil_umkm, jenis_umkm, nama_pemilik, alamat, latitude, longitude, link_gmaps, kontak, jam_operasional, berkenan, qris) VALUES (15, 'Toko Ibu Nawati', 'Menyediakan berbagai kebutuhan pokok dan kebutuhan rumah tangga dengan harga terjangkau, kualitas terjamin, dan pelayanan yang ramah.', 'sembako', 'Ibu Nawati', 'Dusun Jl. Raya Cendol Bar. No.Desa, RT.:28/Rw:04, Cendol, Ngadirejo, Kec. Kromengan, Kabupaten Malang, Jawa Timur 65165', NULL, NULL, 'https://maps.app.goo.gl/XEMWvqVLLZvbBmoS8?g_st=ipc', NULL, '07.00 - 20.00 WIB', 'Ya', 'Sudah Ada');
INSERT INTO umkm_kelompok_1 (no, nama_umkm, profil_umkm, jenis_umkm, nama_pemilik, alamat, latitude, longitude, link_gmaps, kontak, jam_operasional, berkenan, qris) VALUES (16, 'Panda Makmur', 'Menyediakan aneka kue basah dan kue kering untuk berbagai acara dengan cita rasa lezat, bahan berkualitas, dan dibuat secara higienis.', 'Makanan ringan', 'Ibu Marsi''ah', 'Jl. Raya Cendol Bar., Cendol, Ngadirejo, Kec. Kromengan, Kabupaten Malang, Jawa Timur 65165', NULL, NULL, 'https://maps.app.goo.gl/21YbuGFuiV6jpYa37?g_st=ipc', NULL, '07.00 - 20.00 WIB', 'Ya', 'Tidak Berkenan');

-- Sheet: Kelompok 2
INSERT INTO umkm_kelompok_2 (no, nama_umkm, profil_umkm, jenis_umkm, nama_pemilik, alamat, latitude, longitude, link_gmaps, kontak, jam_operasional, berkenan, qris) VALUES (2, 'Rambak Sayur Bu Sulastri', 'Rambak Sayur Bu Sulastri menawarkan produk krecekan yang menggunakan bahan tepung terigu dan tapioka.', 'Bahan Makanan', 'Bu Sulastri & Pak Addus', 'Jl. Hos Cokroaminoto No. 26, RT. 23 RW 03, Desa Ngadirejo Kec. Kromengan, Kab. Malang', -8.1344630553515, 112.508503984657, 'Rambak Sayur bu Sulastri', '6285742320502', 'Jam 08:00-18:30 WIB', 'Ya', 'Tidak Berkenan');
INSERT INTO umkm_kelompok_2 (no, nama_umkm, profil_umkm, jenis_umkm, nama_pemilik, alamat, latitude, longitude, link_gmaps, kontak, jam_operasional, berkenan, qris) VALUES (3, 'SPM Garage', 'merupakan bengkel motor dan menjual beberapa spare part motor', 'service', 'Mas faris', 'RT.04/RW.01, Krajan, Ngadirejo, Dusun Ndadapan, Kabupaten Malang, Jawa Timur 65165', -8.124951, 112.5208343, 'SPM Garage', '6285730821659', 'jam 06:00 - 19:00', 'Tidak', 'Tidak Berkenan');
INSERT INTO umkm_kelompok_2 (no, nama_umkm, profil_umkm, jenis_umkm, nama_pemilik, alamat, latitude, longitude, link_gmaps, kontak, jam_operasional, berkenan, qris) VALUES (4, 'Istana bibit buah', 'istana bibit buah merupakan usaha yang menjual berbagai macam bibit buah, seperti labu, jeruk, bunga kenanga, terong dll', 'buah', 'bu sri wahyuni', 'Ngadirejo rt 06 rw 01 no 05, Krajan, Ngadirejo, Kec. Kromengan, Kabupaten Malang, Jawa Timur 65165', -8.1260904, 112.5193524, 'Istana Bibit Buah', '6285233468185', 'jam 06:00 - 16:00', 'Belum tau King', 'Tidak Berkenan');
INSERT INTO umkm_kelompok_2 (no, nama_umkm, profil_umkm, jenis_umkm, nama_pemilik, alamat, latitude, longitude, link_gmaps, kontak, jam_operasional, berkenan, qris) VALUES (5, 'Ariesta AUDIO', 'Merupakan usaha jasa sewa alat alat pesta/pernikahan, seperti tenda pernikahan, audio, decoration, genset,dan rigging', 'sewa barang', 'Pak riyanto', 'VGC8+PW7, Jalan Raya, RT.7/RW.1, Krajan, Ngadirejo, Kec. Kromengan, Kabupaten Malang, Jawa Timur 65165', -8.128313, 112.5167185, 'ARIESTA AUDIO', '6281333014956', 'kondisional, sesuai pesanan', 'Belum tau King', 'Tidak Berkenan');
INSERT INTO umkm_kelompok_2 (no, nama_umkm, profil_umkm, jenis_umkm, nama_pemilik, alamat, latitude, longitude, link_gmaps, kontak, jam_operasional, berkenan, qris) VALUES (6, 'Potong Rambut Pak muslimin', 'merupakan usaha jasa potong rambut oleh pak muslimin', 'jasa', 'Pak muslimin', 'Gg. Tromejo No.30, Krajan, Ngadirejo, Kec. Kromengan, Kabupaten Malang, Jawa Timur 65165', -8.128313, 112.516718, 'Potong Rambut Pak Muslimin', '6285103116982', 'Jam 08:00-17:00 WIB', 'Ya', 'Tidak Berkenan');

-- Sheet: Kelompok 3
INSERT INTO umkm_kelompok_3 (no, nama_umkm, profil_umkm, jenis_umkm, nama_pemilik, alamat, latitude, longitude, link_gmaps, kontak, jam_operasional, berkenan, qris) VALUES (1, 'Gacoan', 'Gacoan menawarkan produk makanan Mie Pedas dan Cemilan lainnya', 'Makanan', 'Inda Cyantik', 'JL Raya Ngadirejo no 04 desa Ngadirejo kec Kromengan', NULL, NULL, 'Link GMaps', '62812345678', '07.00 - 20.00 WIB', 'Ya', 'Tidak Berkenan');
INSERT INTO umkm_kelompok_3 (no, nama_umkm, profil_umkm, jenis_umkm, nama_pemilik, alamat, latitude, longitude, link_gmaps, kontak, jam_operasional, berkenan, qris) VALUES (1, 'Rizki kue', 'Rizki kue menawarkan berbagai jenis kue basah dan kering seperti lapis, bika,pastel,bolu (ukuran besar),risol,roti gulung dan banyak lagi sesuai pesanan pembeli. selain menerima pesanan satuan Rizki kue juga menerima pesanan paketan (1 kardus dengan berbagai jenis kue sesuai kemauan pelanggan). untuk rasanya dijamin enak karena sudah menjalankan usaha ini sejak 15 tahun yang lalu. harga mulai Rp1.800', 'makanan', 'ibu sumiayah', 'Dusun Krajan RT 13 RW 2 Desa Ngadirejo', NULL, NULL, NULL, '81217882966', 'Kondisional (Sesuai Pesanan)', 'Ya', 'Tidak Berkenan');
INSERT INTO umkm_kelompok_3 (no, nama_umkm, profil_umkm, jenis_umkm, nama_pemilik, alamat, latitude, longitude, link_gmaps, kontak, jam_operasional, berkenan, qris) VALUES (2, 'fava cake', 'Menerima pesanan berbagai macam jenis kue
kering dan basah, seperti kue ulang tahun dan berbagai kue yang viral dan kekinian, aneka tumpeng nasi kotak.
Produksi sesuai pesanan tidak ada kue ready
setiap hari.', 'makanan', 'ibu nova septian siska', 'Jl. Kalimas, Krajan, Ngadirejo, Kec. Kromengan, Kabupaten Malang, Jawa Timur 65165', NULL, NULL, 'https://maps.app.goo.gl/Pyo6QmEhe26zRM7g7?g_st=iw', '81231362756', 'Kondisional (Sesuai Pesanan)', 'Ya', 'Tidak Berkenan');
INSERT INTO umkm_kelompok_3 (no, nama_umkm, profil_umkm, jenis_umkm, nama_pemilik, alamat, latitude, longitude, link_gmaps, kontak, jam_operasional, berkenan, qris) VALUES (3, 'Toko Sembako Bu Suwarmi', 'Menjual sembakp kebutuhan rumah tangga, mulai dari sayur mayur hingga bahan pokok.', 'Sembako', 'Ibu Suwarmi', 'Dusun Krajan RT.8 RW.1 Ngadiredjo Kromengan Kabupaten Malang', NULL, NULL, 'https://maps.app.goo.gl/Y52zMLhV7gLE9bg98', NULL, '05.00-20.30', 'Ya', 'Tidak Berkenan');
INSERT INTO umkm_kelompok_3 (no, nama_umkm, profil_umkm, jenis_umkm, nama_pemilik, alamat, latitude, longitude, link_gmaps, kontak, jam_operasional, berkenan, qris) VALUES (4, 'Toko Pak Slamet', 'Menjual makanan jajanan dan sembako kebutuhan rumah tangga.', 'Makanan dan Sembako', 'Ibu Ngatenik', 'Dsn. Krajan RT.3 RW.1 Ngadiredjo Kromengan', NULL, NULL, NULL, '6282132584487', '05.00-20.00', 'Ya', 'Tidak Berkenan');

-- Sheet: Kelompok 4
INSERT INTO umkm_kelompok_4 (no, nama_umkm, profil_umkm, jenis_umkm, nama_pemilik, alamat, latitude, longitude, link_gmaps, kontak, jam_operasional, berkenan, qris) VALUES (1, 'Gacoan', 'Gacoan menawarkan produk makanan Mie Pedas dan Cemilan lainnya', 'Makanan', 'Inda Cyantik', 'JL Raya Ngadirejo no 04 desa Ngadirejo kec Kromengan', NULL, NULL, 'Link GMaps', '62812345678', '07.00 - 20.00 WIB', 'Ya', 'Tidak Berkenan');
INSERT INTO umkm_kelompok_4 (no, nama_umkm, profil_umkm, jenis_umkm, nama_pemilik, alamat, latitude, longitude, link_gmaps, kontak, jam_operasional, berkenan, qris) VALUES (2, 'Shiva Loundry', 'Solusi laundry bersih, wangi, dan rapi. Pelayanan cepat, harga bersahabat, dan siap membantu kebutuhan laundry Anda. Harga per kilo 6.000 untuk karpet, bed cover 20.000', 'Jasa', 'Yusmeri', 'Dusun Cendol Timur, RT 18 RW 03, Ngadirejo, Kec. Kromengan, Kabupaten Malang, Jawa Timur 65165', -8.129366, 112.509398, 'https://share.google/cC37tBKXNK4kSbdz1', '0857-5501-2601', 'buka 24 jam', 'Ya', 'Tidak Berkenan');
INSERT INTO umkm_kelompok_4 (no, nama_umkm, profil_umkm, jenis_umkm, nama_pemilik, alamat, latitude, longitude, link_gmaps, kontak, jam_operasional, berkenan, qris) VALUES (3, 'Pandawa Express', 'Layanan pengiriman paket dan barang ke luar negri yang aman, cepat, dan terpercaya. Siap melayani kebutuhan ekspedisi Anda dengan pelayanan terbaik.', 'Jasa Pengiriman', 'Yusmeri', 'Dusun Cendol Timur, RT 18 RW 03, Ngadirejo, Kec. Kromengan, Kabupaten Malang, Jawa Timur 65165', -8.129366, 112.509398, 'https://share.google/cC37tBKXNK4kSbdz1', '0857-5501-2601', 'buka 24 jam', 'Ya', 'Tidak Berkenan');
INSERT INTO umkm_kelompok_4 (no, nama_umkm, profil_umkm, jenis_umkm, nama_pemilik, alamat, latitude, longitude, link_gmaps, kontak, jam_operasional, berkenan, qris) VALUES (4, 'Yakcti Permak', 'Jasa Permak Pakaian Reva adalah solusi terpercaya untuk kebutuhan perbaikan dan penyesuaian pakaian Anda agar pas dan nyaman saat dikenakan. Ditangani dengan ketelitian tinggi dan kualitas jahitan yang rapi, bisa mengubah pakaian yang kebesaran, kepanjangan, atau rusak menjadi tampak seperti baru kembali.', 'Jasa Permak', 'Suciwarini', 'Dusun Dadapan, RT 01 RW 01, Ngadirejo, Kec. Kromengan, Kabupaten Malang, Jawa Timur, 65165', NULL, NULL, NULL, '6281233205782', 'buka 24 jam', 'Tidak', 'Tidak Berkenan');
INSERT INTO umkm_kelompok_4 (no, nama_umkm, profil_umkm, jenis_umkm, nama_pemilik, alamat, latitude, longitude, link_gmaps, kontak, jam_operasional, berkenan, qris) VALUES (5, 'Reva Queen Salon', 'Reva Queen Salon adalah pusat kecantikan profesional yang menawarkan berbagai perawatan rambut dan wajah berkualitas dengan harga terjangkau. Dikelola langsung oleh Ibu Puji Rahayu, seorang Guru SMK jurusan Tata Rias, salon ini menjamin pelayanan yang detail, modis, dan ditangani oleh ahlinya. Selain perawatan, Reva Queen Salon juga menjadi pusat pelatihan kecantikan terpercaya.', 'Jasa Usaha Kecantikan', 'Puji Rahayu', 'Jl. Merdeka Timur, Dusun Krajan, RT 09 RW 02, Ngadirejo, Kec. Kromengan, Kabupaten Malang, Jawa Timur, 65165', -8.130181, 112.51731, 'https://maps.app.goo.gl/wCrB42EJCxmfHbQv9?g_st=ac', '6282142788003', '07.00-20.00.', 'Ya', 'Sudah Ada');
INSERT INTO umkm_kelompok_4 (no, nama_umkm, profil_umkm, jenis_umkm, nama_pemilik, alamat, latitude, longitude, link_gmaps, kontak, jam_operasional, berkenan, qris) VALUES (6, 'Canon Fotocopy dan ATK', 'Canon Print, Fotocopy & ATK adalah unit usaha yang bergerak di bidang jasa penggandaan dokumen dan penyedia alat tulis kantor/sekolah. Usaha ini hadir untuk memberikan solusi cetak yang cepat, tajam, dan berkualitas untuk memenuhi kebutuhan tugas sekolah, administrasi kantor, serta masyarakat sekitar Ngadirejo.', 'Jasa Usaha Percetakan', 'Puji Rahayu', 'Jl. Merdeka Timur, Dusun Krajan, RT 09 RW 02, Ngadirejo, Kec. Kromengan, Kabupaten Malang, Jawa Timur, 65165', -8.130181, 112.51731, 'https://maps.app.goo.gl/wCrB42EJCxmfHbQv9?g_st=ac', '6282142788003', '07.00-20.00', 'Ya', 'Sudah Ada');
INSERT INTO umkm_kelompok_4 (no, nama_umkm, profil_umkm, jenis_umkm, nama_pemilik, alamat, latitude, longitude, link_gmaps, kontak, jam_operasional, berkenan, qris) VALUES (7, 'Cilok Pak Sabar', 'UMKM yang memproduksi dan menjual cilok buatan sendiri sejak tahun 2020. Memiliki tiga cabang di SDN ngadirejo 1,wisata gunung kawi,alfamart, menerima pesanan, serta melayani pembayaran non-tunai melalui QRIS ShopeePay.', 'Usaha Mikro', 'Sabar', 'Jl. Merdeka Timur, Dusun Krajan, RT 09 RW 02, Ngadirejo, Kec. Kromengan, Kabupaten Malang, Jawa Timur, 65165', NULL, NULL, 'https://share.google/wvXScdVK7e43KxUVk', '6285785021430', '10.00-21.00', 'Ya', 'Sudah Ada');
INSERT INTO umkm_kelompok_4 (no, nama_umkm, profil_umkm, jenis_umkm, nama_pemilik, alamat, latitude, longitude, link_gmaps, kontak, jam_operasional, berkenan, qris) VALUES (8, 'Ayam Geprek', 'menjual berbagai ayam geprek', 'Usaha Mikro', 'Sabar', 'Jl. Merdeka Timur, Dusun Krajan, RT 09 RW 02, Ngadirejo, Kec. Kromengan, Kabupaten Malang, Jawa Timur, 65165', NULL, NULL, 'https://share.google/wvXScdVK7e43KxUVk', '6285785021430', '10.00-21.00', 'Ya', 'Sudah Ada');
INSERT INTO umkm_kelompok_4 (no, nama_umkm, profil_umkm, jenis_umkm, nama_pemilik, alamat, latitude, longitude, link_gmaps, kontak, jam_operasional, berkenan, qris) VALUES (9, 'Terop dan sound', 'Menyediakan jasa penyewaan terop dan sound system untuk berbagai acara.', 'Jasa penyewaan perlengkapan acara', 'Samidi', 'Cendol Timur, jl. Kartini RT 18 RW 03', -8.130423, 112.508755, 'https://maps.app.goo.gl/uxGN454qj6UEoq559?g_st=ac', '6285604389021', '24 jam', 'Ya', 'Tidak Berkenan');
INSERT INTO umkm_kelompok_4 (no, nama_umkm, profil_umkm, jenis_umkm, nama_pemilik, alamat, latitude, longitude, link_gmaps, kontak, jam_operasional, berkenan, qris) VALUES (10, 'Kerupuk kanji', 'Memproduksi dan menjual kerupuk kanji dari rumah serta melayani pembelian langsung.', 'Industri makanan / Kuliner', 'Ibu Tu''in', 'Cendol Timur, Jl. Kartini RT 18 RW 03', -8.130423, 112.508755, 'https://maps.app.goo.gl/uxGN454qj6UEoq559?g_st=ac', '6285604389021', '24 jam', 'Ya', 'Tidak Berkenan');
INSERT INTO umkm_kelompok_4 (no, nama_umkm, profil_umkm, jenis_umkm, nama_pemilik, alamat, latitude, longitude, link_gmaps, kontak, jam_operasional, berkenan, qris) VALUES (11, 'Produksi wingko dan kue basah', 'Memproduksi wingko dan berbagai kue basah serta menerima pesanan.', 'Industri makanan / Kuliner', 'Ibu Fitri', 'Rt 18 Rw 03 cendol timur', NULL, NULL, NULL, '6281515270563', '24 jam', 'Ya', 'Sudah Ada');
INSERT INTO umkm_kelompok_4 (no, nama_umkm, profil_umkm, jenis_umkm, nama_pemilik, alamat, latitude, longitude, link_gmaps, kontak, jam_operasional, berkenan, qris) VALUES (12, 'Bengkel Pak Cipto Enduro', 'Melayani ganti ban, tambal ban, ganti oli, dan servis ringan kendaraan.', 'Jasa bengkel kendaraan', 'Pak Cipto', 'Cendol Timur, Rt 19 Rw 03', NULL, NULL, NULL, '6283835305369', '06.00- 17.00', 'Ya', 'Tidak Berkenan');
INSERT INTO umkm_kelompok_4 (no, nama_umkm, profil_umkm, jenis_umkm, nama_pemilik, alamat, latitude, longitude, link_gmaps, kontak, jam_operasional, berkenan, qris) VALUES (13, 'Toko Sri Asih Sembako, ATK, dll.', 'Menjual berbagai kebutuhan sehari-hari seperti sembako, ATK, lampu, kabel, tamper, dan perlengkapan pertanian.', 'Perdagangan / Toko kelontong', 'Ibu Sri Asih', 'JL. RA Kartini Rt 19 Rw 03 Cendol Timur', NULL, NULL, NULL, '6285647434952', '06.00-21.00', 'Ya', 'Tidak Berkenan');
INSERT INTO umkm_kelompok_4 (no, nama_umkm, profil_umkm, jenis_umkm, nama_pemilik, alamat, latitude, longitude, link_gmaps, kontak, jam_operasional, berkenan, qris) VALUES (14, 'Toko Amanah', 'Menjual madu, bawang merah, bawang putih, dan berbagai kebutuhan dapur.', 'Perdagangan', 'Ibu Amanah', 'JL. RA Kartini RT 18 RW 03 Cendol timur', NULL, NULL, NULL, '6285706826309', '06.00-22.00', 'Ya', 'Tidak Berkenan');
INSERT INTO umkm_kelompok_4 (no, nama_umkm, profil_umkm, jenis_umkm, nama_pemilik, alamat, latitude, longitude, link_gmaps, kontak, jam_operasional, berkenan, qris) VALUES (15, 'Potong Rambut KM.1', 'Menyediakan jasa potong rambut khusus pria dengan harga terjangkau.', 'Jasa (Barbershop)', 'Farid', 'Cendol Timur, RT 19 RW 03', NULL, NULL, NULL, '6285808666698', '09.00-10.00', 'Ya', 'Tidak Berkenan');
INSERT INTO umkm_kelompok_4 (no, nama_umkm, profil_umkm, jenis_umkm, nama_pemilik, alamat, latitude, longitude, link_gmaps, kontak, jam_operasional, berkenan, qris) VALUES (16, 'Warung Vina Berkah', 'Menjual es degan, bensin eceran, minuman, dan makanan.', 'Kuliner / Perdagangan', 'Imam Sabrowi', 'Cendol Barat RT 26 RW 04', -8.128767, 112.50494, 'https://share.google/RE7V4BZDgV5MdCVwd', '628819084007', '24 jam', 'Ya', 'Tidak Berkenan');
INSERT INTO umkm_kelompok_4 (no, nama_umkm, profil_umkm, jenis_umkm, nama_pemilik, alamat, latitude, longitude, link_gmaps, kontak, jam_operasional, berkenan, qris) VALUES (17, 'Bengkel Motor Arya Ban', 'Melayani penjualan ban, oli, tambal ban, servis ringan, isi angin, serta menjual suku cadang motor.', 'Jasa bengkel kendaraan', 'Bapak Eko', 'Cendol Barat RT 26 RW 04', -8.128651, 112.505579, 'https://maps.app.goo.gl/FLgJfFTagPBSoE2e8?g_st=ac', '6285733452537', '06.00-17.00', 'Ya', 'Tidak Berkenan');
INSERT INTO umkm_kelompok_4 (no, nama_umkm, profil_umkm, jenis_umkm, nama_pemilik, alamat, latitude, longitude, link_gmaps, kontak, jam_operasional, berkenan, qris) VALUES (18, 'Mebel Pak Hartono', 'Memproduksi dan menjual berbagai perabot berbahan kayu seperti lemari, meja, kursi, pintu, dan dipan.', 'Industri mebel / Furnitur', 'Pak Hartono', 'Cendol Barat, RT 28 RW 04', -8.128774, 112.504418, 'https://maps.app.goo.gl/jsjh6sDmh70PFDP89', '6281230684122', '07.00-16.00', 'Ya', 'Tidak Berkenan');
INSERT INTO umkm_kelompok_4 (no, nama_umkm, profil_umkm, jenis_umkm, nama_pemilik, alamat, latitude, longitude, link_gmaps, kontak, jam_operasional, berkenan, qris) VALUES (19, 'Tokoh berkah tani', 'Menjual obat-obatan pertanian, pestisida, pupuk, serta perlengkapan pertanian.', 'Perdagangan pertanian', 'Candra', 'Karang Tengah, RT 30 RW 05', -8.144286, 112.500579, 'https://maps.app.goo.gl/dFxvD8amwc4r9t1S9?g_st=ac', '6285854400093', '05.00-21.00', 'Ya', 'Tidak Berkenan');

-- Sheet: Kelompok 5
INSERT INTO umkm_kelompok_5 (no, nama_umkm, profil_umkm, jenis_umkm, nama_pemilik, alamat, latitude, longitude, link_gmaps, kontak, jam_operasional, berkenan, qris) VALUES (1, 'Gacoan', 'Gacoan menawarkan produk makanan Mie Pedas dan Cemilan lainnya', 'Makanan', 'Inda Cyantik', 'JL Raya Ngadirejo no 04 desa Ngadirejo kec Kromengan', NULL, NULL, 'Link GMaps', '62812345678', '07.00 - 20.00 WIB', 'Ya', 'Dibuatkan');
INSERT INTO umkm_kelompok_5 (no, nama_umkm, profil_umkm, jenis_umkm, nama_pemilik, alamat, latitude, longitude, link_gmaps, kontak, jam_operasional, berkenan, qris) VALUES (1, 'Kue Koe', 'Menawarkan berbagai jenis kue kering seperti kue kacang dan coklat tela. tetapi, kue kering di jual dengan konsep open order. selain, kue kering usaha ini menjual mie pedas dengan level yang di mulai dari level 1-5. untuk kue di jual di setiap hari dengan berbagai topping di atasnya.', 'makanan', 'Ibu Aries', 'JL Raya, Krajan, Ngadirejo, Kromengan, Kab. Malang', -8.13242, 112.516937, 'https://maps.app.goo.gl/jFLTNYYF5a7dG7Nj7', '0858-5501-0977', '10.00 - 17.00 WIB', 'Ya', 'Dibuatkan');
INSERT INTO umkm_kelompok_5 (no, nama_umkm, profil_umkm, jenis_umkm, nama_pemilik, alamat, latitude, longitude, link_gmaps, kontak, jam_operasional, berkenan, qris) VALUES (2, 'Dapur Bunda', 'Menawarkan berbagai makanan dan camilan, seperti nasi catering, nasi bakar, nasi cokot, rice bowl, serta aneka jajanan harian, seperti martabak manis, martabak telur, gorengan, sosis solo, bolu, donat, dan kue basah. Pada bulan Ramadan dan Hari Raya Idulfitri, juga menyediakan takjil serta aneka kue kering, seperti nastar, kastengel, semprit, dan kuping gajah.', 'Makanan', 'Ibu Erni', 'Dsn Krajan , RT 03 rw 01 (Dadapan), desa Ngadirejo, Kec, Kromengan', -8.124466, 112.519608, 'https://maps.app.goo.gl/xsq7Ro2PxyJYJagz6?g_st=iw', '0812-16692493', '14.00 - 20.00 WIB', 'Ya', 'Tidak Berkenan');
INSERT INTO umkm_kelompok_5 (no, nama_umkm, profil_umkm, jenis_umkm, nama_pemilik, alamat, latitude, longitude, link_gmaps, kontak, jam_operasional, berkenan, qris) VALUES (3, 'Deka Cathering', 'Deka Katering merupakan usaha kuliner yang menyediakan berbagai pilihan makanan dan kue untuk kebutuhan sehari-hari maupun acara. Produk yang ditawarkan meliputi aneka masakan katering, kue basah seperti bikang, pastel, dan roti dengan harga mulai dari Rp3.000 per buah, serta kue kering seperti semprit, nastar, dan berbagai jenis keripik. Dengan jam operasional yang fleksibel, Deka Katering berkomitmen menghadirkan produk yang lezat, berkualitas, dan sesuai kebutuhan pelanggan.', 'Makanan', 'Ibu Mustini', 'Gg Merdeka Timur. RT.10/RW.02, Krajan, Ngadirejo, Kec Kromengan, Kabupaten Malang', -8.1305745, 112.5200073, NULL, '6285736988611', '24 jam', 'Ya', 'Tidak Berkenan');
INSERT INTO umkm_kelompok_5 (no, nama_umkm, profil_umkm, jenis_umkm, nama_pemilik, alamat, latitude, longitude, link_gmaps, kontak, jam_operasional, berkenan, qris) VALUES (4, 'Lumpia Rejo', 'Menawarkan camilan lumpia dengan berbagai jenis isian seperti rebung, ubi ungu, sayur ayam', 'Makanan Ringan', 'Ibu Fitriani', 'Dsn Krajan rt14, Ngan, RW.02, Krajan, Ngadirejo, Kec. Kromengan, Kabupaten Malang, Jawa Timur 65165', -8.133188, 112.513618, 'https://maps.app.goo.gl/ocpkJR7xBsc63N3u9?g_st=iw', '0895-3233-89607', '09.00 - 17.00 WIB', 'Ya', 'Dibuatkan');
INSERT INTO umkm_kelompok_5 (no, nama_umkm, profil_umkm, jenis_umkm, nama_pemilik, alamat, latitude, longitude, link_gmaps, kontak, jam_operasional, berkenan, qris) VALUES (5, 'Fiona Cake', 'Fiona Cake merupakan usaha kuliner yang melayani pembuatan berbagai jenis kue berdasarkan pesanan, terutama untuk kebutuhan hajatan, acara keluarga, dan momen spesial lainnya. Produk yang ditawarkan meliputi aneka kue basah, kue kering khas Lebaran, serta paket hantaran dengan kualitas yang terjaga. Produk unggulan dari Fiona Cake adalah kue lapis dan sifon cake yang menjadi favorit pelanggan karena cita rasanya yang lezat dan teksturnya yang lembut.', 'Makanan', 'Ibu Sarianah', 'Jl HOS Cokroaminoto, Rt. 20 Rw. 03 Cendol Timur, Ngadirejo, Kec Kromengan, Kab Malang', -8.1324521, 112.5087862, 'https://maps.app.goo.gl/6vCPAj6NbuzoXoXT9', '6285730821651', '24 jam', 'Ya', 'Tidak Berkenan');
INSERT INTO umkm_kelompok_5 (no, nama_umkm, profil_umkm, jenis_umkm, nama_pemilik, alamat, latitude, longitude, link_gmaps, kontak, jam_operasional, berkenan, qris) VALUES (6, 'Sate Pak Yanto', 'Menawarkan kuliner sate ayam dan kambing', 'Makanan', 'Ibu Siti & Pak Yanto', 'Jl. Raya Ngadirejo, Ngadirejo, Kec Kromengan, Kab Malang', NULL, NULL, NULL, '0838-6493-912', '16.00 - 23.00 WIB', 'Ya', 'Tidak Berkenan');

-- Sheet: Kelompok 6
INSERT INTO umkm_kelompok_6 (no, nama_umkm, profil_umkm, jenis_umkm, nama_pemilik, alamat, latitude, longitude, link_gmaps, kontak, jam_operasional, berkenan, qris) VALUES (1, 'Terminal Nanas Madu', 'Terminal Nanas Madu adalah UMKM yang menyediakan nanas madu khas lereng Kelud, baik dalam bentuk utuh maupun potong siap konsumsi', 'Makanan', 'Ibu Siti Mudawanah', 'JL Raya Senggreng, Kepanjen, Krajan, Ngebruk, Kec. Sumberpucung, Kab. Malang', -8.151339, 112.51545, 'TERMINAL NANAS MADU', '6285735508373', '07.00 - 17.00 WIB', 'Ya', 'Tidak Berkenan');
INSERT INTO umkm_kelompok_6 (no, nama_umkm, profil_umkm, jenis_umkm, nama_pemilik, alamat, latitude, longitude, link_gmaps, kontak, jam_operasional, berkenan, qris) VALUES (2, 'Toko Cahaya', 'Toko Cahaya merupakan usaha yang menyediakan berbagai perlengkapan kelistrikan, seperti lampu, serta beberapa alat pertanian', 'Elektronik', 'Bapak Bagus', 'Gang Tromejo, Dusun Krajan RT 05/RW 01, Desa Ngadirejo, Kec. Kromengan, Kab. Malang, Jawa Timur, 65165', -8.12885, 112.519113, 'TOKO CAHAYA', '6285736034294', '07.00-20.00 WIB', 'Ya', 'Tidak Berkenan');
INSERT INTO umkm_kelompok_6 (no, nama_umkm, profil_umkm, jenis_umkm, nama_pemilik, alamat, latitude, longitude, link_gmaps, kontak, jam_operasional, berkenan, qris) VALUES (3, 'Warung Rujak Bu Sriwati', 'Warung Rujak Bu Sriwati merupakan usaha kuliner yang menyediakan berbagai pilihan makanan dan minuman dengan cita rasa rumahan, seperti rujak, tahu lontong, tahu telor, es dawet, dan kopi', 'Makanan', 'Ibu Sriwati', 'Jl. Merdeka Timur, Dusun Krajan RT 10/RW 02, Desa Ngadirejo, Kec. Kromengan, Kab. Malang, Jawa Timur, 65165', -8.130454, 112.51902, 'RUJAK BU SRIWATI', NULL, '12.00-19.00 WIB', 'Ya', 'Tidak Berkenan');
INSERT INTO umkm_kelompok_6 (no, nama_umkm, profil_umkm, jenis_umkm, nama_pemilik, alamat, latitude, longitude, link_gmaps, kontak, jam_operasional, berkenan, qris) VALUES (4, 'Bimbel Idea', 'Bimbel Idea merupakan lembaga bimbingan belajar yang menyediakan pendampingan belajar bagi siswa SD di Desa Ngadirejo. Bimbel ini membantu siswa memahami materi pembelajaran dengan metode pembelajaran yang efektif', 'Jasa', 'Ibu Novia', 'Dusun Krajan RT 03/RW 01, Desa Ngadirejo, Kec. Kromengan, Kab. Malang, Jawa Timur, 65165', -8.125026, 112.519785, 'BIMBEL IDEA', '6281327878711', '12.-00-15.00 WIB', 'Ya', 'Tidak Berkenan');
INSERT INTO umkm_kelompok_6 (no, nama_umkm, profil_umkm, jenis_umkm, nama_pemilik, alamat, latitude, longitude, link_gmaps, kontak, jam_operasional, berkenan, qris) VALUES (5, 'Seblak Rempong', 'Seblak Rempong adalah usaha kuliner yang menawarkan aneka jajanan populer dengan harga yang sangat terjangkau, seperti cilok dengan harga Rp6.000, oseng tempura dengan harga Rp6.000 dan seblak Rp12.000.', 'Makanan', 'Ibu Winda', 'Jl. Kalimas, RT.04/RW.01, Dusun Krajan, Ngadirejo, Kec. Kromengan, Kabupaten Malang, Jawa Timur 65165', -8.125318, 112.519818, 'SEBLAK REMPONG', '6285143003510', '10.00-21.00 WIB', 'Ya', 'Tidak Berkenan');
INSERT INTO umkm_kelompok_6 (no, nama_umkm, profil_umkm, jenis_umkm, nama_pemilik, alamat, latitude, longitude, link_gmaps, kontak, jam_operasional, berkenan, qris) VALUES (6, 'Panti Pijat Anak', 'Panti Pijat Anak-anak Hj. Fitriyah adalah sebuah usaha jasa yang telah berdiri sejak tahun 2008. Tempat ini mengkhususkan layanannya untuk pijat bayi hingga anak-anak usia 5 tahun, serta menyediakan terapi pijat khusus bagi perempuan dewasa yang memiliki keluhan atau kelainan pada bagian perut.', 'Jasa', 'Ibu Hajah Sulastri', 'Jl. Slorok, Cendol Timur, Ngadirejo, Kec. Kromengan, Kabupaten Malang, Jawa Timur 65165', -8.12776, 112.505002, 'ALAMAT PIJAT', '6281233994622
(telepon saja)', '08.00-11.00 WIB', 'Ya', 'Tidak Berkenan');
INSERT INTO umkm_kelompok_6 (no, nama_umkm, profil_umkm, jenis_umkm, nama_pemilik, alamat, latitude, longitude, link_gmaps, kontak, jam_operasional, berkenan, qris) VALUES (7, 'Toko Kelontong
Ibu Sonia', 'Toko Kelontong Ibu Sonia adalah usaha kelontong yang sudah berdiri selama bertahun-tahun. Toko ini menyediakan berbagai macam barang kebutuhan sehari-hari yang biasa ada di warung. Selain itu, toko Ibu Sonia juga menjual rujak dan tahu lontong dengan harga yang sangat terjangkau, yaitu hanya 6 ribu rupiah.', 'Makanan', 'Ibu Sonia', 'Jl. Slorok, RT 02/RW 08, Cendol Barat, Ngadirejo, Kec. Kromengan, Kabupaten Malang, Jawa Timur 65165', -8.128334, 112.504756, 'TOKO KELONTONG', '6285736863020', '08.00-20.00 WIB', 'Ya', 'Tidak Berkenan');
INSERT INTO umkm_kelompok_6 (no, nama_umkm, profil_umkm, jenis_umkm, nama_pemilik, alamat, latitude, longitude, link_gmaps, kontak, jam_operasional, berkenan, qris) VALUES (8, 'Tahu Lontong dan
Dawet Bu Munah', 'Tahu Lontong dan Dawet Bu Munah merupakan sebuah usaha kuliner  yang baru beroperasi selama satu bulan. Walaupun begitu, usaha ini  menyajikan hidangan yang berkualitas dengan harga yang sangat terjangkau bagi masyarakat.
Produk yang ditawarkan terdiri dari tahu lontong seharga Rp5.000 per porsi dan dawet seharga Rp2.500 per porsi dengan pembayaran menggunakan sistem pembayaran tunai.', 'Makanan', 'Ibu Munah', NULL, NULL, NULL, NULL, '6285755954696', '07.00-17.00 WIB', 'Ya', 'Tidak Berkenan');
INSERT INTO umkm_kelompok_6 (no, nama_umkm, profil_umkm, jenis_umkm, nama_pemilik, alamat, latitude, longitude, link_gmaps, kontak, jam_operasional, berkenan, qris) VALUES (9, 'Warung Ibu
Mistiani', 'Warung Ibu Mistiani menyajikan kuliner rumahan lezat dengan harga yang sangat ramah di kantong. Terletak strategis di pinggir jalan dekat gapura arah karangtengah, warung ini menawarkan menu seperti rujak, nasi pecel, dan nasi lodeh yang masing-masing hanya seharga Rp7.000. Selain itu warung ini juga menjual botokan swiwi (pepes sayap ayam) dan mujaer goreng.', 'Makanan', 'Ibu Mistiani', 'Jl. Raya Cendol Bar., Cendol, Ngadirejo, Kec. Kromengan, Kabupaten Malang, Jawa Timur 65165', -8.130871, 112.503947, 'https://maps.app.goo.gl/igPLTY8dx46QgLpG6?g_st=ac', NULL, '04.00-15.00 WIB', 'Ya', 'Tidak Berkenan');
INSERT INTO umkm_kelompok_6 (no, nama_umkm, profil_umkm, jenis_umkm, nama_pemilik, alamat, latitude, longitude, link_gmaps, kontak, jam_operasional, berkenan, qris) VALUES (10, 'Warung Rujak
dan Gorengan 
Ibu Ngademi', 'Warung Rujak dan Gorengan Ibu Ngademi merupakan usaha kuliner legendaris yang terletak di Dusun Karangtengah. Usaha yang telah berdiri selama 30 tahun ini menawarkan menu andalan berupa rujak segar seharga Rp6.000 per porsi. Selain rujak, warung ini juga menyediakan aneka gorengan hangat dengan harga yang sangat terjangkau, yaitu Rp2.000 untuk 3 pcs. Pilihan gorengan yang tersedia cukup beragam, mulai dari weci, tempe kese, tempe kedelai, pisang goreng, hingga tahu isi.', 'Makanan', 'Ibu Ngademi', 'Dusun Karangtengah, RT.029/RW.05, Cendol, Ngadirejo, Kromengan, Malang Regency, East Java 65165', -8.144354, 112.500716, 'https://maps.app.goo.gl/wMPJjsFX1ReiPr5P9', NULL, '07.00-16.00 WIB', 'Ya', 'Tidak Berkenan');

-- Sheet: Kelompok 7
INSERT INTO umkm_kelompok_7 (no, nama_umkm, profil_umkm, jenis_umkm, nama_pemilik, alamat, latitude, longitude, link_gmaps, kontak, jam_operasional, berkenan, qris) VALUES (1, 'Gacoan', 'Gacoan menawarkan produk makanan Mie Pedas dan Cemilan lainnya', 'Makanan', 'Inda Cyantik', 'JL Raya Ngadirejo no 04 desa Ngadirejo kec Kromengan', NULL, NULL, 'Link GMaps', '62812345678', '07.00 - 20.00 WIB', 'Ya', 'Sudah Ada');
INSERT INTO umkm_kelompok_7 (no, nama_umkm, profil_umkm, jenis_umkm, nama_pemilik, alamat, latitude, longitude, link_gmaps, kontak, jam_operasional, berkenan, qris) VALUES (1, 'Warung Fifa', 'Menawarkan semua jenis makanan berat, menerima pesanan nasi kotak, masakan semuanya. Pesanan bisa disesuaikan sesuai budget. best sellernya ada nasi goreng dan mie taichan, menjual frozen food juga.', 'Makanan', 'Ibu Sumarningsih', 'JL Cokroaminoto Cendol Rt.19 Rw.3, Ngadiredjo, Kec. Kromengan', -8.131693, 112.509192, 'https://maps.app.goo.gl/a2ivB2UEXxQo4Hjj6', '6285850103170', 'Kondisional (sesuai pesanan)', 'Ya', 'Tidak Berkenan');
INSERT INTO umkm_kelompok_7 (no, nama_umkm, profil_umkm, jenis_umkm, nama_pemilik, alamat, latitude, longitude, link_gmaps, kontak, jam_operasional, berkenan, qris) VALUES (2, 'Yasha Cake & Cookies', 'Menawarkan semua jenis cake & cookies, baik kue basah maupun kue kering, menerima pesanan dan jasa masak panggilan.', 'Makanan dan Jasa', 'Ibu Sri Purwani', 'JL Cokroaminoto Cendol Rt.19 Rw.3, Ngadiredjo, Kec. Kromengan', -8.131697, 112.509201, 'https://maps.app.goo.gl/oGMrZTcSFNgQyXTM9', '6287897605371', 'Kondisional (sesuai pesanan)', 'Ya', 'Tidak Berkenan');
INSERT INTO umkm_kelompok_7 (no, nama_umkm, profil_umkm, jenis_umkm, nama_pemilik, alamat, latitude, longitude, link_gmaps, kontak, jam_operasional, berkenan, qris) VALUES (3, 'Pande Besi', 'Membuat senjata tajam berupa celurit, pisau, bedo, dll. yang diproduksi sendiri di rumah.', 'Industri Pengolahan', 'Bapak Yono', 'Dusun Krajan Rt.2 Rw.1 Ngadiredjo Kromengan.', -8.123217, 112.51891, 'https://maps.app.goo.gl/DicayY6TRkHty5Z6A', '6285956498787', '07.00-16.00', 'Ya', 'Tidak Berkenan');
INSERT INTO umkm_kelompok_7 (no, nama_umkm, profil_umkm, jenis_umkm, nama_pemilik, alamat, latitude, longitude, link_gmaps, kontak, jam_operasional, berkenan, qris) VALUES (4, 'ABE Fotografi', 'Menawarkan jasa fotografi dan vidiografi panggilan rumahan.', 'Jasa Fotografi', 'Bapak Wiji', 'Dusun Krajan Rt.3 Rw.1 Ngadiredjo Kromengan.', -8.123826, 112.51876, 'https://maps.app.goo.gl/dx5ga2YEqj6Z36hC8', '6285100638083', 'Kondisional (sesuai panggilan)', 'Ya', 'Tidak Berkenan');
INSERT INTO umkm_kelompok_7 (no, nama_umkm, profil_umkm, jenis_umkm, nama_pemilik, alamat, latitude, longitude, link_gmaps, kontak, jam_operasional, berkenan, qris) VALUES (5, 'Toko Bu Ririn', 'Menawarkan sembako kebutuhan rumah tangga.', 'Sembako', 'Ibu Ririn', 'Ds. Ngadiredjo RT.11 RW.2 Kecamatan Kromengan', -8.132276, 112.518231, 'https://maps.app.goo.gl/vtUA62AYqhNNj6A37', '6285706721241', '06.00-20.00', 'Ya', 'Tidak Berkenan');
INSERT INTO umkm_kelompok_7 (no, nama_umkm, profil_umkm, jenis_umkm, nama_pemilik, alamat, latitude, longitude, link_gmaps, kontak, jam_operasional, berkenan, qris) VALUES (6, 'Bengkel Rogo (pijet)', 'Melayani jasa pijat segala macam keluhan.', 'Jasa Pijat', 'Bapak Miseri', 'Ds. Ngadiredjo RT.10 RW.2 Kecamatan Kromengan.', -8.13157, 112.520966, 'https://maps.app.goo.gl/qxFEgbvod1Z4RMLU9', NULL, 'Kondisional (sesuai pesanan)', 'Ya', 'Tidak Berkenan');

-- Sheet: Kelompok 8
INSERT INTO umkm_kelompok_8 (no, nama_umkm, profil_umkm, jenis_umkm, nama_pemilik, alamat, latitude, longitude, link_gmaps, kontak, jam_operasional, berkenan, qris) VALUES (1, 'Gacoan', 'Gacoan menawarkan produk makanan Mie Pedas dan Cemilan lainnya', 'Makanan', 'Inda Cyantik', 'JL Raya Ngadirejo no 04 desa Ngadirejo kec Kromengan', NULL, NULL, 'Link GMaps', '62812345678', '07.00 - 20.00 WIB', 'Ya', 'Sudah Ada');
INSERT INTO umkm_kelompok_8 (no, nama_umkm, profil_umkm, jenis_umkm, nama_pemilik, alamat, latitude, longitude, link_gmaps, kontak, jam_operasional, berkenan, qris) VALUES (1, 'Alam Jaya', 'Alam jaya menawarkan jasa pembuatan sampul rapot dan ijazah', 'Percetakan', 'Ibu Endang', 'RT 13, Dusun Krajan, Desa Ngadirejo, Kecamatan Kromengan, Kabupaten Malang, 65165', -8.132549, 112.516732, 'https://maps.app.goo.gl/NLhatmnzgkAF99Wn8', '6281217462348', '08.00-16.00', 'Ya', 'Tidak Berkenan');
INSERT INTO umkm_kelompok_8 (no, nama_umkm, profil_umkm, jenis_umkm, nama_pemilik, alamat, latitude, longitude, link_gmaps, kontak, jam_operasional, berkenan, qris) VALUES (2, 'Aneka kripik Zhahroh', 'Aneka kripik zhahroh menawarkan produk makanan berbagai jenis kripik mulai dari kripik tempe, kripik pare, kripik sukun, kripik usus, dan aneka macam rempeyek', 'Makanan', 'Ibu Sukami Vivi', 'Rt 18/ Rw 03, Dusun cendol timur, Desa ngadirejo, kecamatan kromengan, Kabupaten malang', -8.129847, 112.509102, 'https://maps.app.goo.gl/hZGLrmqtF2ynvem16?g_st=aw', '6283847770141', '24 jam setiap hari (menerima pesanan)', 'Ya', 'Dibuatkan');
INSERT INTO umkm_kelompok_8 (no, nama_umkm, profil_umkm, jenis_umkm, nama_pemilik, alamat, latitude, longitude, link_gmaps, kontak, jam_operasional, berkenan, qris) VALUES (3, 'Alvit', 'Alvit menawarkan berbagai produk makanan, antara lain kue kering, kue basah, puding, layanan katering, tumpeng, dan bucket', 'Makanan', 'Ibu Sunarti', 'Rt 23/ Rw 03, Dusun Cendol Timur, Desa Ngadirejo, Kecamatan Kromengan, Kabupaten Malang', NULL, 112.508683, 'https://goo.gl/maps/QK1mUsASgMjHpbxJ7', '6285646662439', '24 jam setiap hari (menerima pesanan)', 'Ya', 'Tidak Berkenan');
INSERT INTO umkm_kelompok_8 (no, nama_umkm, profil_umkm, jenis_umkm, nama_pemilik, alamat, latitude, longitude, link_gmaps, kontak, jam_operasional, berkenan, qris) VALUES (4, 'A4N Sticker & Acrylic', 'A4N Sticker & Acrylic menawarkan jasa digital printing, foto copy, desain acrylic untuk rambu lalu lintas, souvenir acrylic, plakat wisuda, sticker, papan nama mushola, cetak dan edit foto, banner, sablon seragam dan baju.', 'jasa percetakan', 'Bapak Luvian Wijaya', 'Rt 04/ Rw 01, Dusun Krajan, Desa Ngadirejo, Kecamatan Kromengan, Kabupaten Malang', NULL, 112.520161, 'https://maps.app.goo.gl/AHmoBi6XeUBHHzSG9', '6283834514225', '08.00-17.00 WIB (Senin-minggu)', 'Ya', 'Sudah Ada');
INSERT INTO umkm_kelompok_8 (no, nama_umkm, profil_umkm, jenis_umkm, nama_pemilik, alamat, latitude, longitude, link_gmaps, kontak, jam_operasional, berkenan, qris) VALUES (5, 'HS Photo & Studio', 'HS Photo & Studio menawarkan jasa fotografer acara wedding, wisuda, lamaran, cat walk, dan juga menyediakan tempat foto studio', 'Jasa fotografi', 'Bapak Haris', 'Rt 06/ Rw 01, Dusun Krajan, Desa Ngadirejo, Kecamatan Kromengan, Kabupaten Malang', -8.127258, 112.518978, 'https://maps.app.goo.gl/S1fs6p9B3YV3PGsGA', '6285707746109', '08.00-19.00 WIB (Senin-minggu)', 'Ya', 'Dibuatkan');
INSERT INTO umkm_kelompok_8 (no, nama_umkm, profil_umkm, jenis_umkm, nama_pemilik, alamat, latitude, longitude, link_gmaps, kontak, jam_operasional, berkenan, qris) VALUES (6, 'Kopral cell', 'Kopral Cell menawarkan penjualan dan layanan aksesoris telepon seluler, seperti handphone baru maupun bekas (second), casing HP, charger, pengisian pulsa, serta layanan pembelian token listrik.', 'Distribusi', 'Bapak Eko Wahyudiono', 'Jl. Ngadirejo RT 12/RW 01, Dusun Krajan, Desa Ngadirejo, Kecamatan Kromengan', NULL, 112.516792, 'https://maps.app.goo.gl/3JyTs7mUahjyUV8e7', '6285655506909', '07.00-21.00 WIB', 'Ya', 'Sudah Ada');
INSERT INTO umkm_kelompok_8 (no, nama_umkm, profil_umkm, jenis_umkm, nama_pemilik, alamat, latitude, longitude, link_gmaps, kontak, jam_operasional, berkenan, qris) VALUES (7, 'Warung Kartini', 'Warung kartini menawarkan penjualan eceran atau toko kelontong. Usaha ini menyediakan kebutuhan sehari-hari, seperti bahan makanan, minuman, bumbu dapur, produk kebersihan, serta berbagai kebutuhan rumah tangga', 'Toko kelontong', 'Ibu Miskanah', 'Jl. Ngadirejo, RT 13/RW 02, Dusun Krajan, Desa Ngadirejo, Kecamatan Kromengan', NULL, 112.516722, 'https://maps.app.goo.gl/ZGN7H3JdKK461SwLA?g_st=ac', '6281615358737', '06.30-20.00 WIB', 'Ya', 'Tidak Berkenan');
INSERT INTO umkm_kelompok_8 (no, nama_umkm, profil_umkm, jenis_umkm, nama_pemilik, alamat, latitude, longitude, link_gmaps, kontak, jam_operasional, berkenan, qris) VALUES (8, 'Jual Beli Kayu', 'Usaha Bapak Jumali menyediakan penjualan kayu, baik kayu dalam bentuk bahan baku maupun kayu yang telah diolah menjadi kebutuhan konstruksi, seperti usuk dan reng.', 'Perdagangan kayu', 'Bapak Jumali', 'RT 06/RW 01, Dusun Krajan, Desa Ngadirejo, Kecamatan Kromengan', NULL, 112.519112, 'https://maps.app.goo.gl/NzsRxj32GKFPambP6', '6281358491640', '07.00 WIB - selesai', 'Ya', 'Tidak Berkenan');
INSERT INTO umkm_kelompok_8 (no, nama_umkm, profil_umkm, jenis_umkm, nama_pemilik, alamat, latitude, longitude, link_gmaps, kontak, jam_operasional, berkenan, qris) VALUES (9, 'Fadhil Motor', 'Fadhil motor menawarkan jasa service dan tone up motor', 'Jasa service motor', 'Bapak Agus', 'Jl. Raya Cendol Barat, RT 26/RW 04, Dusun Cendol Barat, Desa Ngadirejo, Kecamatan, Kromengan, Kabupaten Malang', NULL, NULL, 'https://maps.app.goo.gl/nCNAZJRQECE48Wcz7?g_st=aw', '6282232985280', 'Jam 08.00', 'Ya', 'Tidak Berkenan');
INSERT INTO umkm_kelompok_8 (no, nama_umkm, profil_umkm, jenis_umkm, nama_pemilik, alamat, latitude, longitude, link_gmaps, kontak, jam_operasional, berkenan, qris) VALUES (10, 'Nuri Mebel', 'Nuri Mabel merupakan usaha di bidang pengolahan dan penjualan kayu untuk kebutuhan furnitur. Kayu diperoleh dari masyarakat atau petani melalui kerja sama dengan sesama pedagang kayu. Setelah diperoleh, kayu dipotong dan diolah sesuai kebutuhan pelanggan. Jenis kayu yang tersedia cukup beragam, dengan kayu jati sebagai salah satu jenis yang paling banyak diminati karena kualitasnya yang baik. Kayu diolah menjadi bahan pembuatan berbagai produk, seperti pintu, kusen, jendela, kursi, lemari, dipan, dan berbagai perabot rumah tangga lainnya.', 'Mebel', 'Bapak Nuri', 'RT 22/RW 03, Dusun Cendol Timur, Desa Ngadirejo, Kecamatan Kromengan, Kabupaten Malang', -8.136161, 112.50847, 'https://goo.gl/maps/6rGHBy7LRyagQM8Y8?g_st=ac', '6285851471775', NULL, 'Ya', 'Tidak Berkenan');
INSERT INTO umkm_kelompok_8 (no, nama_umkm, profil_umkm, jenis_umkm, nama_pemilik, alamat, latitude, longitude, link_gmaps, kontak, jam_operasional, berkenan, qris) VALUES (11, 'Cupang Cendol', 'Usaha ini menyediakan berbagai jenis ikan hias, seperti ikan guppy, cupang, ikan koki, ikan kembung, dan lain-lain. Selain itu, usaha ini juga menjual hewan kucing serta berbaai perlengkapan dan kebutuhan untuk memelihara hewan peliharaan.', 'Pedagang hewan', 'Ibu Wahyu', 'RT 26/RW 03, Dusun Cendol Timur, Desa Ngadirejo, Kecamatan Kromengan, Kanupaten Malang', -8.128596, 112.505394, 'https://maps.app.goo.gl/kv1DGR1jBqn9GrJE7?g_st=ac', '6287780122968', '24 Jam Setiap Hari', 'Ya', 'Tidak Berkenan');
INSERT INTO umkm_kelompok_8 (no, nama_umkm, profil_umkm, jenis_umkm, nama_pemilik, alamat, latitude, longitude, link_gmaps, kontak, jam_operasional, berkenan, qris) VALUES (12, 'Toko Bu Susi', 'Toko bu susi menawarkan penjualan eceran atau toko kelontong yang menyediakan berbagai kebutuhan sehari-hari. Produk yang ditawarkan meliputi bahan makanan, minuman, bumbu dapur, produk kebersihan, bensin eceran, serta berbagai perlengkapan rumah tangga lainnya.', 'Toko kelontong', 'Ibu Susi', 'RT 23/RW 03, Dusun Cendol Timur, Desa Ngadirejo, Kecamatan Kromengan, Kbupaten Malang', -8.135101, 112.508155, 'https://goo.gl/maps/JWFiLwmNUyZhsmHh7', '6285746988073', '06.00-21.00', 'Ya', 'Tidak Berkenan');
INSERT INTO umkm_kelompok_8 (no, nama_umkm, profil_umkm, jenis_umkm, nama_pemilik, alamat, latitude, longitude, link_gmaps, kontak, jam_operasional, berkenan, qris) VALUES (13, 'Bakso Abadi', 'Bakso abadi merupakan usaha kuliner yang menyediakan makanan bakso.', 'Makanan', 'Bapak Fendik', 'RT 29/RW 05, Dusun Karangtengah, Desa Ngadirejo, Kecamatan Kromengan', -8.144053, 112.501017, 'https://maps.app.goo.gl/jZwSxdwGtEDPRz3SA?g_st=ac', '6285607001366', '08.00-20.00', 'Ya', 'Tidak Berkenan');

-- Sheet: REKAP
INSERT INTO umkm_rekap (no, nama_umkm, profil_umkm, jenis_umkm, nama_pemilik, alamat, latitude, longitude, link_gmaps, kontak, jam_operasional, berkenan, qris) VALUES (1, 'Mutiari Craft', 'Mutiari Craft merupakan usaha kerajinan tangan', 'Kerajinan tangan', 'Ibu tiari', 'Jl. Raya Cendol Bar. Cendol, Ngadiejo, Kec.Kromengan, Kabupaten malang, Jawa Timur 65165', NULL, NULL, 'https://maps.app.goo.gl/PFMArFswaJiKYFtn8?g_st=ipc', '85852015188', '07.00 - 20.00 WIB', NULL, NULL);
INSERT INTO umkm_rekap (no, nama_umkm, profil_umkm, jenis_umkm, nama_pemilik, alamat, latitude, longitude, link_gmaps, kontak, jam_operasional, berkenan, qris) VALUES (2, 'Toko Sembako Putri', 'Toko sembako yang menyediakan berbagai kebutuhn pkok sehari-hari dengan produk berkualitas', 'Toko Sembako', 'Putri', 'Dsn krajan, RT.01/RW.01, Krajan, Ngadirejo, Kec.Kromengan, Kabupaten Malang, Jawa Timur 65165', NULL, NULL, 'https://maps.app.goo.gl/wiK9yThj5VpjonJf9?g_st=ipc', '82257751017', '07.00 - 20.00 WIB', NULL, NULL);
INSERT INTO umkm_rekap (no, nama_umkm, profil_umkm, jenis_umkm, nama_pemilik, alamat, latitude, longitude, link_gmaps, kontak, jam_operasional, berkenan, qris) VALUES (3, 'Jasa Angkut Barang', 'Jasa angkut barangyang melayani pengiriman dan pemindahan berbagai jenis barang dengan aman', 'Jasa', 'Alvaro', 'Dsn krajan, RT.01/RW.01, Krajan, Ngadirejo, Kec.Kromengan, Kabupaten Malang, Jawa Timur 65165', NULL, NULL, 'https://maps.app.goo.gl/wiK9yThj5VpjonJf9?g_st=ipc', '82257751017', '07.00 - 20.00 WIB', NULL, NULL);
INSERT INTO umkm_rekap (no, nama_umkm, profil_umkm, jenis_umkm, nama_pemilik, alamat, latitude, longitude, link_gmaps, kontak, jam_operasional, berkenan, qris) VALUES (4, 'Molen Pak Utomo', 'Menyediakan makanan ringan berupa jajan olahan molen', 'Makanan ringan', 'Pak utomo', 'Jl. Kromengan, Krajan, Ngadirejo, Kec.Kromengan, Kabupaten Malang, Jawa Timur 65165', -8.1282123, 112.5149661, 'https://maps.app.goo.gl/TBMfzcVjq4CxTpiF7?g_st=ipc', '85856045414', '07.00 - 16.00 WIB', NULL, NULL);
INSERT INTO umkm_rekap (no, nama_umkm, profil_umkm, jenis_umkm, nama_pemilik, alamat, latitude, longitude, link_gmaps, kontak, jam_operasional, berkenan, qris) VALUES (5, 'Jus Fruit', 'Menyediakan Minuman buah-buah segar', 'Minuman', 'Julaika', 'Jl. Kromengan, Krajan, Ngadirejo, Kec.Kromengan, Kabupaten Malang, Jawa Timur 65165', -8.1282123, 112.5149661, 'https://maps.app.goo.gl/TBMfzcVjq4CxTpiF7?g_st=ipc', '881027544945', '07.00 - 16.00 WIB', NULL, NULL);
INSERT INTO umkm_rekap (no, nama_umkm, profil_umkm, jenis_umkm, nama_pemilik, alamat, latitude, longitude, link_gmaps, kontak, jam_operasional, berkenan, qris) VALUES (6, 'Warung Makan Arah', 'Warung makan yang menyajikan aneka hidangan rumahan dengan cita rasa khas', 'Makanan Berat', 'Ibu Tiara', 'Jl. Kromengan, Krajan, Ngadirejo, Kec.Kromengan, Kabupaten Malang, Jawa Timur 65165', -8.1282123, 112.5149661, 'https://maps.app.goo.gl/TBMfzcVjq4CxTpiF7?g_st=ipc', NULL, '07.00 - 20.00 WIB', NULL, NULL);
INSERT INTO umkm_rekap (no, nama_umkm, profil_umkm, jenis_umkm, nama_pemilik, alamat, latitude, longitude, link_gmaps, kontak, jam_operasional, berkenan, qris) VALUES (7, 'Warung Mbah Roso', 'Warung makan yang menyajikan aneka hidangan rumahan dengan cita rasa khas', 'Makanan Berat', 'Ibu Marfuah', 'Jl. Kromengan, Krajan, Ngadirejo, Kec.Kromengan, Kabupaten Malang, Jawa Timur 65165', -8.1282123, 112.5149661, 'https://maps.app.goo.gl/TBMfzcVjq4CxTpiF7?g_st=ipc', '812138900337', '07.00 - 20.00 WIB', NULL, NULL);
INSERT INTO umkm_rekap (no, nama_umkm, profil_umkm, jenis_umkm, nama_pemilik, alamat, latitude, longitude, link_gmaps, kontak, jam_operasional, berkenan, qris) VALUES (8, 'Toko Sembako Ina', 'Toko sembako yang menyediakan berbagai kebutuhn pkok sehari-hari dengan produk berkualitas', 'Toko Sembako', 'Ibu Ina', 'Jl. Raya, RT No.07, Krajan, Ngadirejo, Kec.Kromengan, Kabupaten Malang, Jawa Timur 65165', -8.1286714, 112.5166803, 'https://maps.app.goo.gl/kJ2uv7Adipgmvvjq6?g_st=ipc', '85856045414', '07.00 - 00.00 WIB', NULL, NULL);
INSERT INTO umkm_rekap (no, nama_umkm, profil_umkm, jenis_umkm, nama_pemilik, alamat, latitude, longitude, link_gmaps, kontak, jam_operasional, berkenan, qris) VALUES (9, 'Batagor Somay', 'Menyediakan somay dan matagor dengan cita rasa khas', 'Makanan ringan', 'Pak Bagus', 'Jl. Raya, RT No.07, Krajan, Ngadirejo, Kec.Kromengan, Kabupaten Malang, Jawa Timur 65165', -8.1286714, 112.5166803, 'https://maps.app.goo.gl/kJ2uv7Adipgmvvjq6?g_st=ipc', '85745212438', '10.00 - 16.00 WIB', NULL, NULL);
INSERT INTO umkm_rekap (no, nama_umkm, profil_umkm, jenis_umkm, nama_pemilik, alamat, latitude, longitude, link_gmaps, kontak, jam_operasional, berkenan, qris) VALUES (10, 'Forbite Minuman', 'Menyediakan aneka minuman segar dengan berbagai macam varian rasa', 'Minuman', 'Mbak Mila', 'Jl. Raya, RT No.07, Krajan, Ngadirejo, Kec.Kromengan, Kabupaten Malang, Jawa Timur 65165', -8.1286714, 112.5166803, 'https://maps.app.goo.gl/kJ2uv7Adipgmvvjq6?g_st=ipc', '85187981600', '07.00 - 20.00 WIB', NULL, NULL);
INSERT INTO umkm_rekap (no, nama_umkm, profil_umkm, jenis_umkm, nama_pemilik, alamat, latitude, longitude, link_gmaps, kontak, jam_operasional, berkenan, qris) VALUES (11, 'Es Teler Sultan Creamy', 'Menyediakan aneka minuman segar dengan berbagai macam varian rasa', 'Minuman', NULL, 'Jl. Raya, RT No.07, Krajan, Ngadirejo, Kec.Kromengan, Kabupaten Malang, Jawa Timur 65165', -8.1286714, 112.5166803, 'https://maps.app.goo.gl/kJ2uv7Adipgmvvjq6?g_st=ipc', '85784595802', '16.00 - 19.30 WIB', NULL, NULL);
INSERT INTO umkm_rekap (no, nama_umkm, profil_umkm, jenis_umkm, nama_pemilik, alamat, latitude, longitude, link_gmaps, kontak, jam_operasional, berkenan, qris) VALUES (12, 'Bakso Cahaya', 'Menyediakan bakso dengan cita rasa gurih, kuah yang segar, dan bahan berkualitas', 'Makanan', 'Ibu Ika', 'Jl. Raya, RT No.07, Krajan, Ngadirejo, Kec.Kromengan, Kabupaten Malang, Jawa Timur 65165', -8.1286714, 112.5166803, 'https://maps.app.goo.gl/kJ2uv7Adipgmvvjq6?g_st=ipc', '83848083745', '07.00 - 20.00 WIB', NULL, NULL);
INSERT INTO umkm_rekap (no, nama_umkm, profil_umkm, jenis_umkm, nama_pemilik, alamat, latitude, longitude, link_gmaps, kontak, jam_operasional, berkenan, qris) VALUES (13, 'Top Up dan Pembayaran', 'Melayani berbagai kebutuhan top up dan pembayaran dengan proses cepat, mudah, dan terpercaya.', 'Jasa', 'Ibu Ika', 'Jl. Raya, RT No.07, Krajan, Ngadirejo, Kec.Kromengan, Kabupaten Malang, Jawa Timur 65165', -8.1286714, 112.5166803, 'https://maps.app.goo.gl/kJ2uv7Adipgmvvjq6?g_st=ipc', '83848083745', '07.00 - 20.00 WIB', NULL, NULL);
INSERT INTO umkm_rekap (no, nama_umkm, profil_umkm, jenis_umkm, nama_pemilik, alamat, latitude, longitude, link_gmaps, kontak, jam_operasional, berkenan, qris) VALUES (14, 'Mafia Dimsum', 'Menyediakan aneka dimsum dengan cita rasa rasa lezat, bahan berkualitas, dan secara higienis', 'Makanan ringan', 'Mas Aldi', 'Jl. Raya, RT No.07, Krajan, Ngadirejo, Kec.Kromengan, Kabupaten Malang, Jawa Timur 65165', -8.1286714, 112.5166803, 'https://maps.app.goo.gl/kJ2uv7Adipgmvvjq6?g_st=ipc', '85187981600', '13.00 - 21.00 WIB', NULL, NULL);
INSERT INTO umkm_rekap (no, nama_umkm, profil_umkm, jenis_umkm, nama_pemilik, alamat, latitude, longitude, link_gmaps, kontak, jam_operasional, berkenan, qris) VALUES (15, 'Forbite Minuman', 'Menyediakan aneka minuman segar dengan berbagai macam varian rasa', 'Minuman', 'Mbak Mila', 'Jl. Raya, RT No.07, Krajan, Ngadirejo, Kec.Kromengan, Kabupaten Malang, Jawa Timur 65165', -8.1286714, 112.5166803, 'https://maps.app.goo.gl/kJ2uv7Adipgmvvjq6?g_st=ipc', '85187981600', '07.00 - 20.00 WIB', NULL, NULL);
INSERT INTO umkm_rekap (no, nama_umkm, profil_umkm, jenis_umkm, nama_pemilik, alamat, latitude, longitude, link_gmaps, kontak, jam_operasional, berkenan, qris) VALUES (16, 'Terminal Nanas Madu', 'Terminal Nanas Madu adalah UMKM yang menyediakan nanas madu khas lereng Kelud, baik dalam bentuk utuh maupun potong siap konsumsi', 'Makanan', 'Ibu Siti Mudawanah', 'JL Raya Senggreng, Kepanjen, Krajan, Ngebruk, Kec. Sumberpucung, Kab. Malang', -8.151339, 112.51545, 'TERMINAL NANAS MADU', '6285735508373', '07.00 - 17.00 WIB', NULL, NULL);
INSERT INTO umkm_rekap (no, nama_umkm, profil_umkm, jenis_umkm, nama_pemilik, alamat, latitude, longitude, link_gmaps, kontak, jam_operasional, berkenan, qris) VALUES (17, 'Toko Cahaya', 'Toko Cahaya merupakan usaha yang menyediakan berbagai perlengkapan kelistrikan, seperti lampu, serta beberapa alat pertanian', 'Elektronik', 'Bapak Bagus', 'Gang Tromejo, Dusun Krajan RT 05/RW 01, Desa Ngadirejo, Kec. Kromengan, Kab. Malang, Jawa Timur, 65165', -8.12885, 112.519113, 'TOKO CAHAYA', '6285736034294', '07.00-20.00 WIB', NULL, NULL);
INSERT INTO umkm_rekap (no, nama_umkm, profil_umkm, jenis_umkm, nama_pemilik, alamat, latitude, longitude, link_gmaps, kontak, jam_operasional, berkenan, qris) VALUES (18, 'Warung Rujak Bu Sriwati', 'Warung Rujak Bu Sriwati merupakan usaha kuliner yang menyediakan berbagai pilihan makanan dan minuman dengan cita rasa rumahan, seperti rujak, tahu lontong, tahu telor, es dawet, dan kopi', 'Makanan', 'Ibu Sriwati', 'Jl. Merdeka Timur, Dusun Krajan RT 10/RW 02, Desa Ngadirejo, Kec. Kromengan, Kab. Malang, Jawa Timur, 65165', -8.130454, 112.51902, 'RUJAK BU SRIWATI', NULL, '12.00-19.00 WIB', NULL, NULL);
INSERT INTO umkm_rekap (no, nama_umkm, profil_umkm, jenis_umkm, nama_pemilik, alamat, latitude, longitude, link_gmaps, kontak, jam_operasional, berkenan, qris) VALUES (19, 'Bimbel Idea', 'Bimbel Idea merupakan lembaga bimbingan belajar yang menyediakan pendampingan belajar bagi siswa SD di Desa Ngadirejo. Bimbel ini membantu siswa memahami materi pembelajaran dengan metode pembelajaran yang efektif', 'Jasa', 'Ibu Novia', 'Dusun Krajan RT 03/RW 01, Desa Ngadirejo, Kec. Kromengan, Kab. Malang, Jawa Timur, 65165', -8.125026, 112.519785, 'BIMBEL IDEA', '6281327878711', '12.-00-15.00 WIB', NULL, NULL);
INSERT INTO umkm_rekap (no, nama_umkm, profil_umkm, jenis_umkm, nama_pemilik, alamat, latitude, longitude, link_gmaps, kontak, jam_operasional, berkenan, qris) VALUES (20, 'Seblak Rempong', 'Seblak Rempong adalah usaha kuliner yang menawarkan aneka jajanan populer dengan harga yang sangat terjangkau, seperti cilok dengan harga Rp6.000, oseng tempura dengan harga Rp6.000 dan seblak Rp12.000.', 'Makanan', 'Ibu Winda', 'Jl. Kalimas, RT.04/RW.01, Dusun Krajan, Ngadirejo, Kec. Kromengan, Kabupaten Malang, Jawa Timur 65165', -8.125318, 112.519818, 'SEBLAK REMPONG', '6285143003510', '10.00-21.00 WIB', NULL, NULL);
INSERT INTO umkm_rekap (no, nama_umkm, profil_umkm, jenis_umkm, nama_pemilik, alamat, latitude, longitude, link_gmaps, kontak, jam_operasional, berkenan, qris) VALUES (21, 'Panti Pijat Anak', 'Panti Pijat Anak-anak Hj. Fitriyah adalah sebuah usaha jasa yang telah berdiri sejak tahun 2008. Tempat ini mengkhususkan layanannya untuk pijat bayi hingga anak-anak usia 5 tahun, serta menyediakan terapi pijat khusus bagi perempuan dewasa yang memiliki keluhan atau kelainan pada bagian perut.', 'Jasa', 'Ibu Hajah Sulastri', 'Jl. Slorok, Cendol Timur, Ngadirejo, Kec. Kromengan, Kabupaten Malang, Jawa Timur 65165', -8.12776, 112.505002, 'ALAMAT PIJAT', '6281233994622
(telepon saja)', '08.00-11.00 WIB', NULL, NULL);
INSERT INTO umkm_rekap (no, nama_umkm, profil_umkm, jenis_umkm, nama_pemilik, alamat, latitude, longitude, link_gmaps, kontak, jam_operasional, berkenan, qris) VALUES (22, 'Toko Kelontong
Ibu Sonia', 'Toko Kelontong Ibu Sonia adalah usaha kelontong yang sudah berdiri selama bertahun-tahun. Toko ini menyediakan berbagai macam barang kebutuhan sehari-hari yang biasa ada di warung. Selain itu, toko Ibu Sonia juga menjual rujak dan tahu lontong dengan harga yang sangat terjangkau, yaitu hanya 6 ribu rupiah.', 'Makanan', 'Ibu Sonia', 'Jl. Slorok, RT 02/RW 08, Cendol Barat, Ngadirejo, Kec. Kromengan, Kabupaten Malang, Jawa Timur 65165', -8.128334, 112.504756, 'TOKO KELONTONG', '6285736863020', '08.00-20.00 WIB', NULL, NULL);
INSERT INTO umkm_rekap (no, nama_umkm, profil_umkm, jenis_umkm, nama_pemilik, alamat, latitude, longitude, link_gmaps, kontak, jam_operasional, berkenan, qris) VALUES (23, 'Warung Fifa', 'Menawarkan semua jenis makanan berat, menerima pesanan nasi kotak, masakan semuanya. Pesanan bisa disesuaikan sesuai budget. best sellernya ada nasi goreng dan mie taichan, menjual frozen food juga.', 'Makanan', 'Ibu Sumarningsih', 'JL Cokroaminoto Cendol Rt.19 Rw.3, Ngadiredjo, Kec. Kromengan', -8.131693, 112.509192, 'https://maps.app.goo.gl/a2ivB2UEXxQo4Hjj6', '6285850103170', 'Kondisional (sesuai pesanan)', NULL, NULL);
INSERT INTO umkm_rekap (no, nama_umkm, profil_umkm, jenis_umkm, nama_pemilik, alamat, latitude, longitude, link_gmaps, kontak, jam_operasional, berkenan, qris) VALUES (24, 'Yasha Cake & Cookies', 'Menawarkan semua jenis cake & cookies, baik kue basah maupun kue kering, menerima pesanan dan jasa masak panggilan.', 'Makanan dan Jasa', 'Ibu Sri Purwani', 'JL Cokroaminoto Cendol Rt.19 Rw.3, Ngadiredjo, Kec. Kromengan', -8.131697, 112.509201, 'https://maps.app.goo.gl/oGMrZTcSFNgQyXTM9', '6287897605371', 'Kondisional (sesuai pesanan)', NULL, NULL);
INSERT INTO umkm_rekap (no, nama_umkm, profil_umkm, jenis_umkm, nama_pemilik, alamat, latitude, longitude, link_gmaps, kontak, jam_operasional, berkenan, qris) VALUES (25, 'Alam Jaya', 'Alam jaya menawarkan jasa pembuatan sampul rapot dan ijazah', 'Percetakan', 'Ibu Endang', 'RT 13, Dusun Krajan, Desa Ngadirejo, Kecamatan Kromengan, Kabupaten Malang, 65165', -8.132549, 112.516732, 'https://maps.app.goo.gl/NLhatmnzgkAF99Wn8', '6281217462348', '08.00-16.00', NULL, NULL);
INSERT INTO umkm_rekap (no, nama_umkm, profil_umkm, jenis_umkm, nama_pemilik, alamat, latitude, longitude, link_gmaps, kontak, jam_operasional, berkenan, qris) VALUES (26, 'Aneka kripik Zhahroh', 'Aneka kripik zhahroh menawarkan produk makanan berbagai jenis kripik mulai dari kripik tempe, kripik pare, kripik sukun, kripik usus, dan aneka macam rempeyek', 'Makanan', 'Ibu Sukami Vivi', 'Rt 18/ Rw 03, Dusun cendol timur, Desa ngadirejo, kecamatan kromengan, Kabupaten malang', -8.129847, 112.509102, 'https://maps.app.goo.gl/hZGLrmqtF2ynvem16?g_st=aw', '6283847770141', '24 jam setiap hari (menerima pesanan)', NULL, NULL);
INSERT INTO umkm_rekap (no, nama_umkm, profil_umkm, jenis_umkm, nama_pemilik, alamat, latitude, longitude, link_gmaps, kontak, jam_operasional, berkenan, qris) VALUES (27, 'Alvit', 'Alvit menawarkan berbagai produk makanan, antara lain kue kering, kue basah, puding, layanan katering, tumpeng, dan bucket', 'Makanan', 'Ibu Sunarti', 'Rt 23/ Rw 03, Dusun Cendol Timur, Desa Ngadirejo, Kecamatan Kromengan, Kabupaten Malang', NULL, 112.508683, 'https://goo.gl/maps/QK1mUsASgMjHpbxJ7', '6285646662439', '24 jam setiap hari (menerima pesanan)', NULL, NULL);
INSERT INTO umkm_rekap (no, nama_umkm, profil_umkm, jenis_umkm, nama_pemilik, alamat, latitude, longitude, link_gmaps, kontak, jam_operasional, berkenan, qris) VALUES (28, 'A4N Sticker & Acrylic', 'A4N Sticker & Acrylic menawarkan jasa digital printing, foto copy, desain acrylic untuk rambu lalu lintas, souvenir acrylic, plakat wisuda, sticker, papan nama mushola, cetak dan edit foto, banner, sablon seragam dan baju.', 'jasa percetakan', 'Bapak Luvian Wijaya', 'Rt 04/ Rw 01, Dusun Krajan, Desa Ngadirejo, Kecamatan Kromengan, Kabupaten Malang', NULL, 112.520161, 'https://maps.app.goo.gl/AHmoBi6XeUBHHzSG9', '6283834514225', '08.00-17.00 WIB (Senin-minggu)', NULL, NULL);
INSERT INTO umkm_rekap (no, nama_umkm, profil_umkm, jenis_umkm, nama_pemilik, alamat, latitude, longitude, link_gmaps, kontak, jam_operasional, berkenan, qris) VALUES (29, 'HS Photo & Studio', 'HS Photo & Studio menawarkan jasa fotografer acara wedding, wisuda, lamaran, cat walk, dan juga menyediakan tempat foto studio', 'Jasa fotografi', 'Bapak Haris', 'Rt 06/ Rw 01, Dusun Krajan, Desa Ngadirejo, Kecamatan Kromengan, Kabupaten Malang', -8.127258, 112.518978, 'https://maps.app.goo.gl/S1fs6p9B3YV3PGsGA', '6285707746109', '08.00-19.00 WIB (Senin-minggu)', NULL, NULL);
INSERT INTO umkm_rekap (no, nama_umkm, profil_umkm, jenis_umkm, nama_pemilik, alamat, latitude, longitude, link_gmaps, kontak, jam_operasional, berkenan, qris) VALUES (30, 'Kopral cell', 'Kopral Cell menawarkan penjualan dan layanan aksesoris telepon seluler, seperti handphone baru maupun bekas (second), casing HP, charger, pengisian pulsa, serta layanan pembelian token listrik.', 'Distribusi', 'Bapak Eko Wahyudiono', 'Jl. Ngadirejo RT 12/RW 01, Dusun Krajan, Desa Ngadirejo, Kecamatan Kromengan', NULL, 112.516792, 'https://maps.app.goo.gl/3JyTs7mUahjyUV8e7', '6285655506909', '07.00-21.00 WIB', NULL, NULL);
INSERT INTO umkm_rekap (no, nama_umkm, profil_umkm, jenis_umkm, nama_pemilik, alamat, latitude, longitude, link_gmaps, kontak, jam_operasional, berkenan, qris) VALUES (31, 'Warung Kartini', 'Warung kartini menawarkan penjualan eceran atau toko kelontong. Usaha ini menyediakan kebutuhan sehari-hari, seperti bahan makanan, minuman, bumbu dapur, produk kebersihan, serta berbagai kebutuhan rumah tangga', 'Toko Kelontong', 'Ibu Miskanah', 'Jl. Ngadirejo, RT 13/RW 02, Dusun Krajan, Desa Ngadirejo, Kecamatan Kromengan', NULL, 112.516722, 'https://maps.app.goo.gl/ZGN7H3JdKK461SwLA?g_st=ac', NULL, '06.30-20.00 WIB', NULL, NULL);
INSERT INTO umkm_rekap (no, nama_umkm, profil_umkm, jenis_umkm, nama_pemilik, alamat, latitude, longitude, link_gmaps, kontak, jam_operasional, berkenan, qris) VALUES (32, 'Jual Beli Kayu', 'Usaha Bapak Jumali menyediakan penjualan kayu, baik kayu dalam bentuk bahan baku maupun kayu yang telah diolah menjadi kebutuhan konstruksi, seperti usuk dan reng.', 'Perdagangan Kayu', 'Bapak Jumali', 'RT 06/RW 01, Dusun Krajan, Desa Ngadirejo, Kecamatan Kromengan', NULL, 112.519112, 'https://maps.app.goo.gl/NzsRxj32GKFPambP6', '6281358491640', '07.00 WIB - selesai', NULL, NULL);

-- Sheet: Copy of REKAP
INSERT INTO umkm_copy_of_rekap (no, nama_umkm, profil_umkm, jenis_umkm, nama_pemilik, alamat, latitude, longitude, link_gmaps, kontak, jam_operasional, berkenan, qris) VALUES (1, 'Mutiari Craft', 'Mutiari Craft merupakan usaha kerajinan tangan', 'Kerajinan tangan', 'Ibu tiari', 'Jl. Raya Cendol Bar. Cendol, Ngadiejo, Kec.Kromengan, Kabupaten malang, Jawa Timur 65165', NULL, NULL, 'https://maps.app.goo.gl/PFMArFswaJiKYFtn8?g_st=ipc', '85852015188', '07.00 - 20.00 WIB', NULL, NULL);
INSERT INTO umkm_copy_of_rekap (no, nama_umkm, profil_umkm, jenis_umkm, nama_pemilik, alamat, latitude, longitude, link_gmaps, kontak, jam_operasional, berkenan, qris) VALUES (2, 'Toko Sembako Putri', 'Toko sembako yang menyediakan berbagai kebutuhn pkok sehari-hari dengan produk berkualitas', 'Toko Sembako', 'Putri', 'Dsn krajan, RT.01/RW.01, Krajan, Ngadirejo, Kec.Kromengan, Kabupaten Malang, Jawa Timur 65165', NULL, NULL, 'https://maps.app.goo.gl/wiK9yThj5VpjonJf9?g_st=ipc', '82257751017', '07.00 - 20.00 WIB', NULL, NULL);
INSERT INTO umkm_copy_of_rekap (no, nama_umkm, profil_umkm, jenis_umkm, nama_pemilik, alamat, latitude, longitude, link_gmaps, kontak, jam_operasional, berkenan, qris) VALUES (3, 'Jasa Angkut Barang', 'Jasa angkut barangyang melayani pengiriman dan pemindahan berbagai jenis barang dengan aman', 'Jasa', 'Alvaro', 'Dsn krajan, RT.01/RW.01, Krajan, Ngadirejo, Kec.Kromengan, Kabupaten Malang, Jawa Timur 65165', NULL, NULL, 'https://maps.app.goo.gl/wiK9yThj5VpjonJf9?g_st=ipc', '82257751017', '07.00 - 20.00 WIB', NULL, NULL);
INSERT INTO umkm_copy_of_rekap (no, nama_umkm, profil_umkm, jenis_umkm, nama_pemilik, alamat, latitude, longitude, link_gmaps, kontak, jam_operasional, berkenan, qris) VALUES (4, 'Molen Pak Utomo', 'Menyediakan makanan ringan berupa jajan olahan molen', 'Makanan ringan', 'Pak utomo', 'Jl. Kromengan, Krajan, Ngadirejo, Kec.Kromengan, Kabupaten Malang, Jawa Timur 65165', NULL, NULL, 'https://maps.app.goo.gl/TBMfzcVjq4CxTpiF7?g_st=ipc', '85856045414', '07.00 - 16.00 WIB', NULL, NULL);
INSERT INTO umkm_copy_of_rekap (no, nama_umkm, profil_umkm, jenis_umkm, nama_pemilik, alamat, latitude, longitude, link_gmaps, kontak, jam_operasional, berkenan, qris) VALUES (5, 'Jus Fruit', 'Menyediakan Minuman buah-buah segar', 'Minuman', 'Julaika', 'Jl. Kromengan, Krajan, Ngadirejo, Kec.Kromengan, Kabupaten Malang, Jawa Timur 65165', NULL, NULL, 'https://maps.app.goo.gl/TBMfzcVjq4CxTpiF7?g_st=ipc', '881027544945', '07.00 - 16.00 WIB', NULL, NULL);
INSERT INTO umkm_copy_of_rekap (no, nama_umkm, profil_umkm, jenis_umkm, nama_pemilik, alamat, latitude, longitude, link_gmaps, kontak, jam_operasional, berkenan, qris) VALUES (6, 'Warung Makan Arah', 'Warung makan yang menyajikan aneka hidangan rumahan dengan cita rasa khas', 'Makanan Berat', 'Ibu Tiara', 'Jl. Kromengan, Krajan, Ngadirejo, Kec.Kromengan, Kabupaten Malang, Jawa Timur 65165', NULL, NULL, 'https://maps.app.goo.gl/TBMfzcVjq4CxTpiF7?g_st=ipc', NULL, '07.00 - 20.00 WIB', NULL, NULL);
INSERT INTO umkm_copy_of_rekap (no, nama_umkm, profil_umkm, jenis_umkm, nama_pemilik, alamat, latitude, longitude, link_gmaps, kontak, jam_operasional, berkenan, qris) VALUES (7, 'Warung Mbah Roso', 'Warung makan yang menyajikan aneka hidangan rumahan dengan cita rasa khas', 'Makanan Berat', 'Ibu Marfuah', 'Jl. Kromengan, Krajan, Ngadirejo, Kec.Kromengan, Kabupaten Malang, Jawa Timur 65165', NULL, NULL, 'https://maps.app.goo.gl/TBMfzcVjq4CxTpiF7?g_st=ipc', '812138900337', '07.00 - 20.00 WIB', NULL, NULL);
INSERT INTO umkm_copy_of_rekap (no, nama_umkm, profil_umkm, jenis_umkm, nama_pemilik, alamat, latitude, longitude, link_gmaps, kontak, jam_operasional, berkenan, qris) VALUES (8, 'Toko Sembako Ina', 'Toko sembako yang menyediakan berbagai kebutuhn pkok sehari-hari dengan produk berkualitas', 'Toko Sembako', 'Ibu Ina', 'Jl. Raya, RT No.07, Krajan, Ngadirejo, Kec.Kromengan, Kabupaten Malang, Jawa Timur 65165', NULL, NULL, 'https://maps.app.goo.gl/kJ2uv7Adipgmvvjq6?g_st=ipc', '85856045414', '07.00 - 00.00 WIB', NULL, NULL);
INSERT INTO umkm_copy_of_rekap (no, nama_umkm, profil_umkm, jenis_umkm, nama_pemilik, alamat, latitude, longitude, link_gmaps, kontak, jam_operasional, berkenan, qris) VALUES (9, 'Batagor Somay', 'Menyediakan somay dan matagor dengan cita rasa khas', 'Makanan ringan', 'Pak Bagus', 'Jl. Raya, RT No.07, Krajan, Ngadirejo, Kec.Kromengan, Kabupaten Malang, Jawa Timur 65165', NULL, NULL, 'https://maps.app.goo.gl/kJ2uv7Adipgmvvjq6?g_st=ipc', '85745212438', '10.00 - 16.00 WIB', NULL, NULL);
INSERT INTO umkm_copy_of_rekap (no, nama_umkm, profil_umkm, jenis_umkm, nama_pemilik, alamat, latitude, longitude, link_gmaps, kontak, jam_operasional, berkenan, qris) VALUES (10, 'Forbite Minuman', 'Menyediakan aneka minuman segar dengan berbagai macam varian rasa', 'Minuman', 'Mbak Mila', 'Jl. Raya, RT No.07, Krajan, Ngadirejo, Kec.Kromengan, Kabupaten Malang, Jawa Timur 65165', NULL, NULL, 'https://maps.app.goo.gl/kJ2uv7Adipgmvvjq6?g_st=ipc', '85187981600', '07.00 - 20.00 WIB', NULL, NULL);
INSERT INTO umkm_copy_of_rekap (no, nama_umkm, profil_umkm, jenis_umkm, nama_pemilik, alamat, latitude, longitude, link_gmaps, kontak, jam_operasional, berkenan, qris) VALUES (11, 'Es Teler Sultan Creamy', 'Menyediakan aneka minuman segar dengan berbagai macam varian rasa', 'Minuman', NULL, 'Jl. Raya, RT No.07, Krajan, Ngadirejo, Kec.Kromengan, Kabupaten Malang, Jawa Timur 65165', NULL, NULL, 'https://maps.app.goo.gl/kJ2uv7Adipgmvvjq6?g_st=ipc', '85784595802', '16.00 - 19.30 WIB', NULL, NULL);
INSERT INTO umkm_copy_of_rekap (no, nama_umkm, profil_umkm, jenis_umkm, nama_pemilik, alamat, latitude, longitude, link_gmaps, kontak, jam_operasional, berkenan, qris) VALUES (12, 'Bakso Cahaya', 'Menyediakan bakso dengan cita rasa gurih, kuah yang segar, dan bahan berkualitas', 'Makanan', 'Ibu Ika', 'Jl. Raya, RT No.07, Krajan, Ngadirejo, Kec.Kromengan, Kabupaten Malang, Jawa Timur 65165', NULL, NULL, 'https://maps.app.goo.gl/kJ2uv7Adipgmvvjq6?g_st=ipc', '83848083745', '07.00 - 20.00 WIB', NULL, NULL);
INSERT INTO umkm_copy_of_rekap (no, nama_umkm, profil_umkm, jenis_umkm, nama_pemilik, alamat, latitude, longitude, link_gmaps, kontak, jam_operasional, berkenan, qris) VALUES (13, 'Top Up dan Pembayaran', 'Melayani berbagai kebutuhan top up dan pembayaran dengan proses cepat, mudah, dan terpercaya.', 'Jasa', 'Ibu Ika', 'Jl. Raya, RT No.07, Krajan, Ngadirejo, Kec.Kromengan, Kabupaten Malang, Jawa Timur 65165', NULL, NULL, 'https://maps.app.goo.gl/kJ2uv7Adipgmvvjq6?g_st=ipc', '83848083745', '07.00 - 20.00 WIB', NULL, NULL);
INSERT INTO umkm_copy_of_rekap (no, nama_umkm, profil_umkm, jenis_umkm, nama_pemilik, alamat, latitude, longitude, link_gmaps, kontak, jam_operasional, berkenan, qris) VALUES (14, 'Mafia Dimsum', 'Menyediakan aneka dimsum dengan cita rasa rasa lezat, bahan berkualitas, dan secara higienis', 'Makanan ringan', 'Mas Aldi', 'Jl. Raya, RT No.07, Krajan, Ngadirejo, Kec.Kromengan, Kabupaten Malang, Jawa Timur 65165', NULL, NULL, 'https://maps.app.goo.gl/kJ2uv7Adipgmvvjq6?g_st=ipc', '85187981600', '13.00 - 21.00 WIB', NULL, NULL);
INSERT INTO umkm_copy_of_rekap (no, nama_umkm, profil_umkm, jenis_umkm, nama_pemilik, alamat, latitude, longitude, link_gmaps, kontak, jam_operasional, berkenan, qris) VALUES (15, 'Toko Ibu Nawati', 'Menyediakan berbagai kebutuhan pokok dan kebutuhan rumah tangga dengan harga terjangkau, kualitas terjamin, dan pelayanan yang ramah.', 'sembako', 'Ibu Nawati', 'Dusun Jl. Raya Cendol Bar. No.Desa, RT.:28/Rw:04, Cendol, Ngadirejo, Kec. Kromengan, Kabupaten Malang, Jawa Timur 65165', NULL, NULL, 'https://maps.app.goo.gl/XEMWvqVLLZvbBmoS8?g_st=ipc', NULL, '07.00 - 20.00 WIB', NULL, NULL);
INSERT INTO umkm_copy_of_rekap (no, nama_umkm, profil_umkm, jenis_umkm, nama_pemilik, alamat, latitude, longitude, link_gmaps, kontak, jam_operasional, berkenan, qris) VALUES (16, 'Panda Makmur', 'Menyediakan aneka kue basah dan kue kering untuk berbagai acara dengan cita rasa lezat, bahan berkualitas, dan dibuat secara higienis.', 'Makanan ringan', 'Ibu Marsi''ah', 'Jl. Raya Cendol Bar., Cendol, Ngadirejo, Kec. Kromengan, Kabupaten Malang, Jawa Timur 65165', NULL, NULL, 'https://maps.app.goo.gl/21YbuGFuiV6jpYa37?g_st=ipc', NULL, '07.00 - 20.00 WIB', NULL, NULL);
INSERT INTO umkm_copy_of_rekap (no, nama_umkm, profil_umkm, jenis_umkm, nama_pemilik, alamat, latitude, longitude, link_gmaps, kontak, jam_operasional, berkenan, qris) VALUES (17, 'Rambak Sayur Bu Sulastri', 'Rambak Sayur Bu Sulastri menawarkan produk krecekan yang menggunakan bahan tepung terigu dan tapioka.', 'Bahan Makanan', 'Bu Sulastri & Pak Addus', 'Jl. Hos Cokroaminoto No. 26, RT. 23 RW 03, Desa Ngadirejo Kec. Kromengan, Kab. Malang', -8.134463055, 112.508504, 'Rambak Sayur bu Sulastri', '6285742320502', 'Jam 08:00-18:30 WIB', NULL, NULL);
INSERT INTO umkm_copy_of_rekap (no, nama_umkm, profil_umkm, jenis_umkm, nama_pemilik, alamat, latitude, longitude, link_gmaps, kontak, jam_operasional, berkenan, qris) VALUES (18, 'SPM Garage', 'merupakan bengkel motor dan menjual beberapa spare part motor', 'service', 'Mas faris', 'RT.04/RW.01, Krajan, Ngadirejo, Dusun Ndadapan, Kabupaten Malang, Jawa Timur 65165', -8.124951, 112.5208343, 'SPM Garage', '6285730821659', 'jam 06:00 - 19:00', NULL, NULL);
INSERT INTO umkm_copy_of_rekap (no, nama_umkm, profil_umkm, jenis_umkm, nama_pemilik, alamat, latitude, longitude, link_gmaps, kontak, jam_operasional, berkenan, qris) VALUES (19, 'Istana bibit buah', 'istana bibit buah merupakan usaha yang menjual berbagai macam bibit buah, seperti labu, jeruk, bunga kenanga, terong dll', 'buah', 'bu sri wahyuni', 'Ngadirejo rt 06 rw 01 no 05, Krajan, Ngadirejo, Kec. Kromengan, Kabupaten Malang, Jawa Timur 65165', -8.1260904, 112.5193524, 'Istana Bibit Buah', '6285233468185', 'jam 06:00 - 16:00', NULL, NULL);
INSERT INTO umkm_copy_of_rekap (no, nama_umkm, profil_umkm, jenis_umkm, nama_pemilik, alamat, latitude, longitude, link_gmaps, kontak, jam_operasional, berkenan, qris) VALUES (20, 'Ariesta AUDIO', 'Merupakan usaha jasa sewa alat alat pesta/pernikahan, seperti tenda pernikahan, audio, decoration, genset,dan rigging', 'sewa barang', 'Pak riyanto', 'VGC8+PW7, Jalan Raya, RT.7/RW.1, Krajan, Ngadirejo, Kec. Kromengan, Kabupaten Malang, Jawa Timur 65165', -8.128313, 112.5167185, 'ARIESTA AUDIO', '6281333014956', 'kondisional, sesuai pesanan', NULL, NULL);
INSERT INTO umkm_copy_of_rekap (no, nama_umkm, profil_umkm, jenis_umkm, nama_pemilik, alamat, latitude, longitude, link_gmaps, kontak, jam_operasional, berkenan, qris) VALUES (21, 'Potong Rambut Pak muslimin', 'merupakan usaha jasa potong rambut oleh pak muslimin', 'jasa', 'Pak muslimin', 'Gg. Tromejo No.30, Krajan, Ngadirejo, Kec. Kromengan, Kabupaten Malang, Jawa Timur 65165', -8.128313, 112.516718, 'Potong Rambut Pak Muslimin', '6285103116982', 'Jam 08:00-17:00 WIB', NULL, NULL);
INSERT INTO umkm_copy_of_rekap (no, nama_umkm, profil_umkm, jenis_umkm, nama_pemilik, alamat, latitude, longitude, link_gmaps, kontak, jam_operasional, berkenan, qris) VALUES (22, 'Rizki kue', 'Rizki kue menawarkan berbagai jenis kue basah dan kering seperti lapis, bika,pastel,bolu (ukuran besar),risol,roti gulung dan banyak lagi sesuai pesanan pembeli. selain menerima pesanan satuan Rizki kue juga menerima pesanan paketan (1 kardus dengan berbagai jenis kue sesuai kemauan pelanggan). untuk rasanya dijamin enak karena sudah menjalankan usaha ini sejak 15 tahun yang lalu. harga mulai Rp1.800', 'makanan', 'ibu sumiayah', 'Dusun Krajan RT 13 RW 2 Desa Ngadirejo', NULL, NULL, NULL, '81217882966', 'Kondisional (Sesuai Pesanan)', NULL, NULL);
INSERT INTO umkm_copy_of_rekap (no, nama_umkm, profil_umkm, jenis_umkm, nama_pemilik, alamat, latitude, longitude, link_gmaps, kontak, jam_operasional, berkenan, qris) VALUES (23, 'fava cake', 'Menerima pesanan berbagai macam jenis kue
kering dan basah, seperti kue ulang tahun dan berbagai kue yang viral dan kekinian, aneka tumpeng nasi kotak.
Produksi sesuai pesanan tidak ada kue ready
setiap hari.', 'makanan', 'ibu nova septian siska', 'Jl. Kalimas, Krajan, Ngadirejo, Kec. Kromengan, Kabupaten Malang, Jawa Timur 65165', NULL, NULL, 'https://maps.app.goo.gl/Pyo6QmEhe26zRM7g7?g_st=iw', '81231362756', 'Kondisional (Sesuai Pesanan)', NULL, NULL);
INSERT INTO umkm_copy_of_rekap (no, nama_umkm, profil_umkm, jenis_umkm, nama_pemilik, alamat, latitude, longitude, link_gmaps, kontak, jam_operasional, berkenan, qris) VALUES (24, 'Toko Sembako Bu Suwarmi', 'Menjual sembakp kebutuhan rumah tangga, mulai dari sayur mayur hingga bahan pokok.', 'Sembako', 'Ibu Suwarmi', 'Dusun Krajan RT.8 RW.1 Ngadiredjo Kromengan Kabupaten Malang', NULL, NULL, 'https://maps.app.goo.gl/Y52zMLhV7gLE9bg98', NULL, '05.00-20.30', NULL, NULL);
INSERT INTO umkm_copy_of_rekap (no, nama_umkm, profil_umkm, jenis_umkm, nama_pemilik, alamat, latitude, longitude, link_gmaps, kontak, jam_operasional, berkenan, qris) VALUES (25, 'Toko Pak Slamet', 'Menjual makanan jajanan dan sembako kebutuhan rumah tangga.', 'Makanan dan Sembako', 'Ibu Ngatenik', 'Dsn. Krajan RT.3 RW.1 Ngadiredjo Kromengan', NULL, NULL, NULL, '6282132584487', '05.00-20.00', NULL, NULL);
INSERT INTO umkm_copy_of_rekap (no, nama_umkm, profil_umkm, jenis_umkm, nama_pemilik, alamat, latitude, longitude, link_gmaps, kontak, jam_operasional, berkenan, qris) VALUES (26, 'Shiva Loundry', 'Solusi laundry bersih, wangi, dan rapi. Pelayanan cepat, harga bersahabat, dan siap membantu kebutuhan laundry Anda. Harga per kilo 6.000 untuk karpet, bed cover 20.000', 'Jasa', 'Yusmeri', 'Dusun Cendol Timur, RT 18 RW 03, Ngadirejo, Kec. Kromengan, Kabupaten Malang, Jawa Timur 65165', -8.129366, 112.509398, 'https://share.google/cC37tBKXNK4kSbdz1', NULL, 'buka 24 jam', NULL, NULL);
INSERT INTO umkm_copy_of_rekap (no, nama_umkm, profil_umkm, jenis_umkm, nama_pemilik, alamat, latitude, longitude, link_gmaps, kontak, jam_operasional, berkenan, qris) VALUES (27, 'Pandawa Express', 'Layanan pengiriman paket dan barang ke luar negri yang aman, cepat, dan terpercaya. Siap melayani kebutuhan ekspedisi Anda dengan pelayanan terbaik.', 'Jasa Pengiriman', 'Yusmeri', 'Dusun Cendol Timur, RT 18 RW 03, Ngadirejo, Kec. Kromengan, Kabupaten Malang, Jawa Timur 65165', -8.129366, 112.509398, 'https://share.google/cC37tBKXNK4kSbdz1', NULL, 'buka 24 jam', NULL, NULL);
INSERT INTO umkm_copy_of_rekap (no, nama_umkm, profil_umkm, jenis_umkm, nama_pemilik, alamat, latitude, longitude, link_gmaps, kontak, jam_operasional, berkenan, qris) VALUES (28, 'Yakcti Permak', 'Jasa Permak Pakaian Reva adalah solusi terpercaya untuk kebutuhan perbaikan dan penyesuaian pakaian Anda agar pas dan nyaman saat dikenakan. Ditangani dengan ketelitian tinggi dan kualitas jahitan yang rapi, bisa mengubah pakaian yang kebesaran, kepanjangan, atau rusak menjadi tampak seperti baru kembali.', 'Jasa Permak', 'Suciwarini', 'Dusun Dadapan, RT 01 RW 01, Ngadirejo, Kec. Kromengan, Kabupaten Malang, Jawa Timur, 65165', NULL, NULL, NULL, '6281233205782', 'buka 24 jam', NULL, NULL);
INSERT INTO umkm_copy_of_rekap (no, nama_umkm, profil_umkm, jenis_umkm, nama_pemilik, alamat, latitude, longitude, link_gmaps, kontak, jam_operasional, berkenan, qris) VALUES (29, 'Reva Queen Salon', 'Reva Queen Salon adalah pusat kecantikan profesional yang menawarkan berbagai perawatan rambut dan wajah berkualitas dengan harga terjangkau. Dikelola langsung oleh Ibu Puji Rahayu, seorang Guru SMK jurusan Tata Rias, salon ini menjamin pelayanan yang detail, modis, dan ditangani oleh ahlinya. Selain perawatan, Reva Queen Salon juga menjadi pusat pelatihan kecantikan terpercaya.', 'Jasa Usaha Kecantikan', 'Puji Rahayu', 'Jl. Merdeka Timur, Dusun Krajan, RT 09 RW 02, Ngadirejo, Kec. Kromengan, Kabupaten Malang, Jawa Timur, 65165', -8.130181, 112.51731, 'https://maps.app.goo.gl/wCrB42EJCxmfHbQv9?g_st=ac', '6282142788003', '07.00-20.00.', NULL, NULL);
INSERT INTO umkm_copy_of_rekap (no, nama_umkm, profil_umkm, jenis_umkm, nama_pemilik, alamat, latitude, longitude, link_gmaps, kontak, jam_operasional, berkenan, qris) VALUES (30, 'Canon Fotocopy dan ATK', 'Canon Print, Fotocopy & ATK adalah unit usaha yang bergerak di bidang jasa penggandaan dokumen dan penyedia alat tulis kantor/sekolah. Usaha ini hadir untuk memberikan solusi cetak yang cepat, tajam, dan berkualitas untuk memenuhi kebutuhan tugas sekolah, administrasi kantor, serta masyarakat sekitar Ngadirejo.', 'Jasa Usaha Percetakan', 'Puji Rahayu', 'Jl. Merdeka Timur, Dusun Krajan, RT 09 RW 02, Ngadirejo, Kec. Kromengan, Kabupaten Malang, Jawa Timur, 65165', -8.130181, 112.51731, 'https://maps.app.goo.gl/wCrB42EJCxmfHbQv9?g_st=ac', '6282142788003', '07.00-20.00', NULL, NULL);
INSERT INTO umkm_copy_of_rekap (no, nama_umkm, profil_umkm, jenis_umkm, nama_pemilik, alamat, latitude, longitude, link_gmaps, kontak, jam_operasional, berkenan, qris) VALUES (31, 'Cilok Pak Sabar', 'UMKM yang memproduksi dan menjual cilok buatan sendiri sejak tahun 2020. Memiliki tiga cabang di SDN ngadirejo 1,wisata gunung kawi,alfamart, menerima pesanan, serta melayani pembayaran non-tunai melalui QRIS ShopeePay.', 'Usaha Mikro', 'Sabar', 'Jl. Merdeka Timur, Dusun Krajan, RT 09 RW 02, Ngadirejo, Kec. Kromengan, Kabupaten Malang, Jawa Timur, 65165', NULL, NULL, 'https://share.google/wvXScdVK7e43KxUVk', '6285785021430', '10.00-21.00', NULL, NULL);
INSERT INTO umkm_copy_of_rekap (no, nama_umkm, profil_umkm, jenis_umkm, nama_pemilik, alamat, latitude, longitude, link_gmaps, kontak, jam_operasional, berkenan, qris) VALUES (32, 'Ayam Geprek', 'menjual berbagai ayam geprek', 'Usaha Mikro', 'Sabar', 'Jl. Merdeka Timur, Dusun Krajan, RT 09 RW 02, Ngadirejo, Kec. Kromengan, Kabupaten Malang, Jawa Timur, 65165', NULL, NULL, 'https://share.google/wvXScdVK7e43KxUVk', '6285785021430', '10.00-21.00', NULL, NULL);
INSERT INTO umkm_copy_of_rekap (no, nama_umkm, profil_umkm, jenis_umkm, nama_pemilik, alamat, latitude, longitude, link_gmaps, kontak, jam_operasional, berkenan, qris) VALUES (33, 'Terop dan sound', 'Menyediakan jasa penyewaan terop dan sound system untuk berbagai acara.', 'Jasa penyewaan perlengkapan acara', 'Samidi', 'Cendol Timur, jl. Kartini RT 18 RW 03', -8.130423, 112.508755, 'https://maps.app.goo.gl/uxGN454qj6UEoq559?g_st=ac', '6285604389021', '24 jam', NULL, NULL);
INSERT INTO umkm_copy_of_rekap (no, nama_umkm, profil_umkm, jenis_umkm, nama_pemilik, alamat, latitude, longitude, link_gmaps, kontak, jam_operasional, berkenan, qris) VALUES (34, 'Kerupuk kanji', 'Memproduksi dan menjual kerupuk kanji dari rumah serta melayani pembelian langsung.', 'Industri makanan / Kuliner', 'Ibu Tu''in', 'Cendol Timur, Jl. Kartini RT 18 RW 03', -8.130423, 112.508755, 'https://maps.app.goo.gl/uxGN454qj6UEoq559?g_st=ac', '6285604389021', '24 jam', NULL, NULL);
INSERT INTO umkm_copy_of_rekap (no, nama_umkm, profil_umkm, jenis_umkm, nama_pemilik, alamat, latitude, longitude, link_gmaps, kontak, jam_operasional, berkenan, qris) VALUES (35, 'Produksi wingko dan kue basah', 'Memproduksi wingko dan berbagai kue basah serta menerima pesanan.', 'Industri makanan / Kuliner', 'Ibu Fitri', 'Rt 18 Rw 03 cendol timur', NULL, NULL, NULL, '6281515270563', '24 jam', NULL, NULL);
INSERT INTO umkm_copy_of_rekap (no, nama_umkm, profil_umkm, jenis_umkm, nama_pemilik, alamat, latitude, longitude, link_gmaps, kontak, jam_operasional, berkenan, qris) VALUES (36, 'Bengkel Pak Cipto Enduro', 'Melayani ganti ban, tambal ban, ganti oli, dan servis ringan kendaraan.', 'Jasa bengkel kendaraan', 'Pak Cipto', 'Cendol Timur, Rt 19 Rw 03', NULL, NULL, NULL, '6283835305369', '06.00- 17.00', NULL, NULL);
INSERT INTO umkm_copy_of_rekap (no, nama_umkm, profil_umkm, jenis_umkm, nama_pemilik, alamat, latitude, longitude, link_gmaps, kontak, jam_operasional, berkenan, qris) VALUES (37, 'Toko Sri Asih Sembako, ATK, dll.', 'Menjual berbagai kebutuhan sehari-hari seperti sembako, ATK, lampu, kabel, tamper, dan perlengkapan pertanian.', 'Perdagangan / Toko kelontong', 'Ibu Sri Asih', 'JL. RA Kartini Rt 19 Rw 03 Cendol Timur', NULL, NULL, NULL, '6285647434952', '06.00-21.00', NULL, NULL);
INSERT INTO umkm_copy_of_rekap (no, nama_umkm, profil_umkm, jenis_umkm, nama_pemilik, alamat, latitude, longitude, link_gmaps, kontak, jam_operasional, berkenan, qris) VALUES (38, 'Toko Amanah', 'Menjual madu, bawang merah, bawang putih, dan berbagai kebutuhan dapur.', 'Perdagangan', 'Ibu Amanah', 'JL. RA Kartini RT 18 RW 03 Cendol timur', NULL, NULL, NULL, '6285706826309', '06.00-22.00', NULL, NULL);
INSERT INTO umkm_copy_of_rekap (no, nama_umkm, profil_umkm, jenis_umkm, nama_pemilik, alamat, latitude, longitude, link_gmaps, kontak, jam_operasional, berkenan, qris) VALUES (39, 'Potong Rambut KM.1', 'Menyediakan jasa potong rambut khusus pria dengan harga terjangkau.', 'Jasa (Barbershop)', 'Farid', 'Cendol Timur, RT 19 RW 03', NULL, NULL, NULL, '6285808666698', '09.00-10.00', NULL, NULL);
INSERT INTO umkm_copy_of_rekap (no, nama_umkm, profil_umkm, jenis_umkm, nama_pemilik, alamat, latitude, longitude, link_gmaps, kontak, jam_operasional, berkenan, qris) VALUES (40, 'Warung Vina Berkah', 'Menjual es degan, bensin eceran, minuman, dan makanan.', 'Kuliner / Perdagangan', 'Imam Sabrowi', 'Cendol Barat RT 26 RW 04', -8.128767, 112.50494, 'https://share.google/RE7V4BZDgV5MdCVwd', '628819084007', '24 jam', NULL, NULL);
INSERT INTO umkm_copy_of_rekap (no, nama_umkm, profil_umkm, jenis_umkm, nama_pemilik, alamat, latitude, longitude, link_gmaps, kontak, jam_operasional, berkenan, qris) VALUES (41, 'Bengkel Motor Arya Ban', 'Melayani penjualan ban, oli, tambal ban, servis ringan, isi angin, serta menjual suku cadang motor.', 'Jasa bengkel kendaraan', 'Bapak Eko', 'Cendol Barat RT 26 RW 04', -8.128651, 112.505579, 'https://maps.app.goo.gl/FLgJfFTagPBSoE2e8?g_st=ac', '6285733452537', '06.00-17.00', NULL, NULL);
INSERT INTO umkm_copy_of_rekap (no, nama_umkm, profil_umkm, jenis_umkm, nama_pemilik, alamat, latitude, longitude, link_gmaps, kontak, jam_operasional, berkenan, qris) VALUES (42, 'Mebel Pak Hartono', 'Memproduksi dan menjual berbagai perabot berbahan kayu seperti lemari, meja, kursi, pintu, dan dipan.', 'Industri mebel / Furnitur', 'Pak Hartono', 'Cendol Barat, RT 28 RW 04', -8.128774, 112.504418, 'https://maps.app.goo.gl/jsjh6sDmh70PFDP89', '6281230684122', '07.00-16.00', NULL, NULL);
INSERT INTO umkm_copy_of_rekap (no, nama_umkm, profil_umkm, jenis_umkm, nama_pemilik, alamat, latitude, longitude, link_gmaps, kontak, jam_operasional, berkenan, qris) VALUES (43, 'Tokoh berkah tani', 'Menjual obat-obatan pertanian, pestisida, pupuk, serta perlengkapan pertanian.', 'Perdagangan pertanian', 'Candra', 'Karang Tengah, RT 30 RW 05', -8.144286, 112.500579, 'https://maps.app.goo.gl/dFxvD8amwc4r9t1S9?g_st=ac', '6285854400093', '05.00-21.00', NULL, NULL);
INSERT INTO umkm_copy_of_rekap (no, nama_umkm, profil_umkm, jenis_umkm, nama_pemilik, alamat, latitude, longitude, link_gmaps, kontak, jam_operasional, berkenan, qris) VALUES (44, 'Kue Koe', 'Menawarkan berbagai jenis kue kering seperti kue kacang dan coklat tela. tetapi, kue kering di jual dengan konsep open order. selain, kue kering usaha ini menjual mie pedas dengan level yang di mulai dari level 1-5. untuk kue di jual di setiap hari dengan berbagai topping di atasnya.', 'makanan', 'Ibu Aries', 'JL Raya, Krajan, Ngadirejo, Kromengan, Kab. Malang', -8.13242, 112.516937, 'https://maps.app.goo.gl/jFLTNYYF5a7dG7Nj7', NULL, '10.00 - 17.00 WIB', NULL, NULL);
INSERT INTO umkm_copy_of_rekap (no, nama_umkm, profil_umkm, jenis_umkm, nama_pemilik, alamat, latitude, longitude, link_gmaps, kontak, jam_operasional, berkenan, qris) VALUES (45, 'Dapur Bunda', 'Menawarkan berbagai makanan dan camilan, seperti nasi catering, nasi bakar, nasi cokot, rice bowl, serta aneka jajanan harian, seperti martabak manis, martabak telur, gorengan, sosis solo, bolu, donat, dan kue basah. Pada bulan Ramadan dan Hari Raya Idulfitri, juga menyediakan takjil serta aneka kue kering, seperti nastar, kastengel, semprit, dan kuping gajah.', 'Makanan', 'Ibu Erni', 'Dsn Krajan , RT 03 rw 01 (Dadapan), desa Ngadirejo, Kec, Kromengan', -8.124466, 112.519608, 'https://maps.app.goo.gl/xsq7Ro2PxyJYJagz6?g_st=iw', NULL, '14.00 - 20.00 WIB', NULL, NULL);
INSERT INTO umkm_copy_of_rekap (no, nama_umkm, profil_umkm, jenis_umkm, nama_pemilik, alamat, latitude, longitude, link_gmaps, kontak, jam_operasional, berkenan, qris) VALUES (46, 'Deka Cathering', 'Deka Katering merupakan usaha kuliner yang menyediakan berbagai pilihan makanan dan kue untuk kebutuhan sehari-hari maupun acara. Produk yang ditawarkan meliputi aneka masakan katering, kue basah seperti bikang, pastel, dan roti dengan harga mulai dari Rp3.000 per buah, serta kue kering seperti semprit, nastar, dan berbagai jenis keripik. Dengan jam operasional yang fleksibel, Deka Katering berkomitmen menghadirkan produk yang lezat, berkualitas, dan sesuai kebutuhan pelanggan.', 'Makanan', 'Ibu Mustini', 'Gg Merdeka Timur. RT.10/RW.02, Krajan, Ngadirejo, Kec Kromengan, Kabupaten Malang', -8.1305745, 112.5200073, NULL, '6285736988611', '24 jam', NULL, NULL);
INSERT INTO umkm_copy_of_rekap (no, nama_umkm, profil_umkm, jenis_umkm, nama_pemilik, alamat, latitude, longitude, link_gmaps, kontak, jam_operasional, berkenan, qris) VALUES (47, 'Lumpia Rejo', 'Menawarkan camilan lumpia dengan berbagai jenis isian seperti rebung, ubi ungu, sayur ayam', 'Makanan Ringan', 'Ibu Fitriani', 'Dsn Krajan rt14, Ngan, RW.02, Krajan, Ngadirejo, Kec. Kromengan, Kabupaten Malang, Jawa Timur 65165', -8.133188, 112.513618, 'https://maps.app.goo.gl/ocpkJR7xBsc63N3u9?g_st=iw', NULL, '09.00 - 17.00 WIB', NULL, NULL);
INSERT INTO umkm_copy_of_rekap (no, nama_umkm, profil_umkm, jenis_umkm, nama_pemilik, alamat, latitude, longitude, link_gmaps, kontak, jam_operasional, berkenan, qris) VALUES (48, 'Fiona Cake', 'Fiona Cake merupakan usaha kuliner yang melayani pembuatan berbagai jenis kue berdasarkan pesanan, terutama untuk kebutuhan hajatan, acara keluarga, dan momen spesial lainnya. Produk yang ditawarkan meliputi aneka kue basah, kue kering khas Lebaran, serta paket hantaran dengan kualitas yang terjaga. Produk unggulan dari Fiona Cake adalah kue lapis dan sifon cake yang menjadi favorit pelanggan karena cita rasanya yang lezat dan teksturnya yang lembut.', 'Makanan', 'Ibu Sarianah', 'Jl HOS Cokroaminoto, Rt. 20 Rw. 03 Cendol Timur, Ngadirejo, Kec Kromengan, Kab Malang', -8.1324521, 112.5087862, 'https://maps.app.goo.gl/6vCPAj6NbuzoXoXT9', '6285730821651', '24 jam', NULL, NULL);
INSERT INTO umkm_copy_of_rekap (no, nama_umkm, profil_umkm, jenis_umkm, nama_pemilik, alamat, latitude, longitude, link_gmaps, kontak, jam_operasional, berkenan, qris) VALUES (49, 'Sate Pak Yanto', 'Menawarkan kuliner sate ayam dan kambing', 'Makanan', 'Ibu Siti & Pak Yanto', 'Jl. Raya Ngadirejo, Ngadirejo, Kec Kromengan, Kab Malang', NULL, NULL, NULL, NULL, '16.00 - 23.00 WIB', NULL, NULL);
INSERT INTO umkm_copy_of_rekap (no, nama_umkm, profil_umkm, jenis_umkm, nama_pemilik, alamat, latitude, longitude, link_gmaps, kontak, jam_operasional, berkenan, qris) VALUES (50, 'Terminal Nanas Madu', 'Terminal Nanas Madu adalah UMKM yang menyediakan nanas madu khas lereng Kelud, baik dalam bentuk utuh maupun potong siap konsumsi', 'Makanan', 'Ibu Siti Mudawanah', 'JL Raya Senggreng, Kepanjen, Krajan, Ngebruk, Kec. Sumberpucung, Kab. Malang', -8.151339, 112.51545, 'TERMINAL NANAS MADU', '6285735508373', '07.00 - 17.00 WIB', NULL, NULL);
INSERT INTO umkm_copy_of_rekap (no, nama_umkm, profil_umkm, jenis_umkm, nama_pemilik, alamat, latitude, longitude, link_gmaps, kontak, jam_operasional, berkenan, qris) VALUES (51, 'Toko Cahaya', 'Toko Cahaya merupakan usaha yang menyediakan berbagai perlengkapan kelistrikan, seperti lampu, serta beberapa alat pertanian', 'Elektronik', 'Bapak Bagus', 'Gang Tromejo, Dusun Krajan RT 05/RW 01, Desa Ngadirejo, Kec. Kromengan, Kab. Malang, Jawa Timur, 65165', -8.12885, 112.519113, 'TOKO CAHAYA', '6285736034294', '07.00-20.00 WIB', NULL, NULL);
INSERT INTO umkm_copy_of_rekap (no, nama_umkm, profil_umkm, jenis_umkm, nama_pemilik, alamat, latitude, longitude, link_gmaps, kontak, jam_operasional, berkenan, qris) VALUES (52, 'Warung Rujak Bu Sriwati', 'Warung Rujak Bu Sriwati merupakan usaha kuliner yang menyediakan berbagai pilihan makanan dan minuman dengan cita rasa rumahan, seperti rujak, tahu lontong, tahu telor, es dawet, dan kopi', 'Makanan', 'Ibu Sriwati', 'Jl. Merdeka Timur, Dusun Krajan RT 10/RW 02, Desa Ngadirejo, Kec. Kromengan, Kab. Malang, Jawa Timur, 65165', -8.130454, 112.51902, 'RUJAK BU SRIWATI', NULL, '12.00-19.00 WIB', NULL, NULL);
INSERT INTO umkm_copy_of_rekap (no, nama_umkm, profil_umkm, jenis_umkm, nama_pemilik, alamat, latitude, longitude, link_gmaps, kontak, jam_operasional, berkenan, qris) VALUES (53, 'Bimbel Idea', 'Bimbel Idea merupakan lembaga bimbingan belajar yang menyediakan pendampingan belajar bagi siswa SD di Desa Ngadirejo. Bimbel ini membantu siswa memahami materi pembelajaran dengan metode pembelajaran yang efektif', 'Jasa', 'Ibu Novia', 'Dusun Krajan RT 03/RW 01, Desa Ngadirejo, Kec. Kromengan, Kab. Malang, Jawa Timur, 65165', -8.125026, 112.519785, 'BIMBEL IDEA', '6281327878711', '12.-00-15.00 WIB', NULL, NULL);
INSERT INTO umkm_copy_of_rekap (no, nama_umkm, profil_umkm, jenis_umkm, nama_pemilik, alamat, latitude, longitude, link_gmaps, kontak, jam_operasional, berkenan, qris) VALUES (54, 'Seblak Rempong', 'Seblak Rempong adalah usaha kuliner yang menawarkan aneka jajanan populer dengan harga yang sangat terjangkau, seperti cilok dengan harga Rp6.000, oseng tempura dengan harga Rp6.000 dan seblak Rp12.000.', 'Makanan', 'Ibu Winda', 'Jl. Kalimas, RT.04/RW.01, Dusun Krajan, Ngadirejo, Kec. Kromengan, Kabupaten Malang, Jawa Timur 65165', -8.125318, 112.519818, 'SEBLAK REMPONG', '6285143003510', '10.00-21.00 WIB', NULL, NULL);
INSERT INTO umkm_copy_of_rekap (no, nama_umkm, profil_umkm, jenis_umkm, nama_pemilik, alamat, latitude, longitude, link_gmaps, kontak, jam_operasional, berkenan, qris) VALUES (55, 'Panti Pijat Anak', 'Panti Pijat Anak-anak Hj. Fitriyah adalah sebuah usaha jasa yang telah berdiri sejak tahun 2008. Tempat ini mengkhususkan layanannya untuk pijat bayi hingga anak-anak usia 5 tahun, serta menyediakan terapi pijat khusus bagi perempuan dewasa yang memiliki keluhan atau kelainan pada bagian perut.', 'Jasa', 'Ibu Hajah Sulastri', 'Jl. Slorok, Cendol Timur, Ngadirejo, Kec. Kromengan, Kabupaten Malang, Jawa Timur 65165', -8.12776, 112.505002, 'ALAMAT PIJAT', NULL, '08.00-11.00 WIB', NULL, NULL);
INSERT INTO umkm_copy_of_rekap (no, nama_umkm, profil_umkm, jenis_umkm, nama_pemilik, alamat, latitude, longitude, link_gmaps, kontak, jam_operasional, berkenan, qris) VALUES (56, 'Toko Kelontong
Ibu Sonia', 'Toko Kelontong Ibu Sonia adalah usaha kelontong yang sudah berdiri selama bertahun-tahun. Toko ini menyediakan berbagai macam barang kebutuhan sehari-hari yang biasa ada di warung. Selain itu, toko Ibu Sonia juga menjual rujak dan tahu lontong dengan harga yang sangat terjangkau, yaitu hanya 6 ribu rupiah.', 'Makanan', 'Ibu Sonia', 'Jl. Slorok, RT 02/RW 08, Cendol Barat, Ngadirejo, Kec. Kromengan, Kabupaten Malang, Jawa Timur 65165', -8.128334, 112.504756, 'TOKO KELONTONG', '6285736863020', '08.00-20.00 WIB', NULL, NULL);
INSERT INTO umkm_copy_of_rekap (no, nama_umkm, profil_umkm, jenis_umkm, nama_pemilik, alamat, latitude, longitude, link_gmaps, kontak, jam_operasional, berkenan, qris) VALUES (57, 'Tahu Lontong dan
Dawet Bu Munah', 'Tahu Lontong dan Dawet Bu Munah merupakan sebuah usaha kuliner  yang baru beroperasi selama satu bulan. Walaupun begitu, usaha ini  menyajikan hidangan yang berkualitas dengan harga yang sangat terjangkau bagi masyarakat.
Produk yang ditawarkan terdiri dari tahu lontong seharga Rp5.000 per porsi dan dawet seharga Rp2.500 per porsi dengan pembayaran menggunakan sistem pembayaran tunai.', 'Makanan', 'Ibu Munah', NULL, NULL, NULL, NULL, '6285755954696', '07.00-17.00 WIB', NULL, NULL);
INSERT INTO umkm_copy_of_rekap (no, nama_umkm, profil_umkm, jenis_umkm, nama_pemilik, alamat, latitude, longitude, link_gmaps, kontak, jam_operasional, berkenan, qris) VALUES (58, 'Warung Ibu
Mistiani', 'Warung Ibu Mistiani menyajikan kuliner rumahan lezat dengan harga yang sangat ramah di kantong. Terletak strategis di pinggir jalan dekat gapura arah karangtengah, warung ini menawarkan menu seperti rujak, nasi pecel, dan nasi lodeh yang masing-masing hanya seharga Rp7.000. Selain itu warung ini juga menjual botokan swiwi (pepes sayap ayam) dan mujaer goreng.', 'Makanan', 'Ibu Mistiani', 'Jl. Raya Cendol Bar., Cendol, Ngadirejo, Kec. Kromengan, Kabupaten Malang, Jawa Timur 65165', -8.130871, 112.503947, 'https://maps.app.goo.gl/igPLTY8dx46QgLpG6?g_st=ac', NULL, '04.00-15.00 WIB', NULL, NULL);
INSERT INTO umkm_copy_of_rekap (no, nama_umkm, profil_umkm, jenis_umkm, nama_pemilik, alamat, latitude, longitude, link_gmaps, kontak, jam_operasional, berkenan, qris) VALUES (59, 'Warung Rujak
dan Gorengan 
Ibu Ngademi', 'Warung Rujak dan Gorengan Ibu Ngademi merupakan usaha kuliner legendaris yang terletak di Dusun Karangtengah. Usaha yang telah berdiri selama 30 tahun ini menawarkan menu andalan berupa rujak segar seharga Rp6.000 per porsi. Selain rujak, warung ini juga menyediakan aneka gorengan hangat dengan harga yang sangat terjangkau, yaitu Rp2.000 untuk 3 pcs. Pilihan gorengan yang tersedia cukup beragam, mulai dari weci, tempe kese, tempe kedelai, pisang goreng, hingga tahu isi.', 'Makanan', 'Ibu Ngademi', 'Dusun Karangtengah, RT.029/RW.05, Cendol, Ngadirejo, Kromengan, Malang Regency, East Java 65165', -8.144354, 112.500716, 'https://maps.app.goo.gl/wMPJjsFX1ReiPr5P9', NULL, '07.00-16.00 WIB', NULL, NULL);
INSERT INTO umkm_copy_of_rekap (no, nama_umkm, profil_umkm, jenis_umkm, nama_pemilik, alamat, latitude, longitude, link_gmaps, kontak, jam_operasional, berkenan, qris) VALUES (60, 'Warung Fifa', 'Menawarkan semua jenis makanan berat, menerima pesanan nasi kotak, masakan semuanya. Pesanan bisa disesuaikan sesuai budget. best sellernya ada nasi goreng dan mie taichan, menjual frozen food juga.', 'Makanan', 'Ibu Sumarningsih', 'JL Cokroaminoto Cendol Rt.19 Rw.3, Ngadiredjo, Kec. Kromengan', -8.131693, 112.509192, 'https://maps.app.goo.gl/a2ivB2UEXxQo4Hjj6', '6285850103170', 'Kondisional (sesuai pesanan)', NULL, NULL);
INSERT INTO umkm_copy_of_rekap (no, nama_umkm, profil_umkm, jenis_umkm, nama_pemilik, alamat, latitude, longitude, link_gmaps, kontak, jam_operasional, berkenan, qris) VALUES (61, 'Yasha Cake & Cookies', 'Menawarkan semua jenis cake & cookies, baik kue basah maupun kue kering, menerima pesanan dan jasa masak panggilan.', 'Makanan dan Jasa', 'Ibu Sri Purwani', 'JL Cokroaminoto Cendol Rt.19 Rw.3, Ngadiredjo, Kec. Kromengan', -8.131697, 112.509201, 'https://maps.app.goo.gl/oGMrZTcSFNgQyXTM9', '6287897605371', 'Kondisional (sesuai pesanan)', NULL, NULL);
INSERT INTO umkm_copy_of_rekap (no, nama_umkm, profil_umkm, jenis_umkm, nama_pemilik, alamat, latitude, longitude, link_gmaps, kontak, jam_operasional, berkenan, qris) VALUES (62, 'Pande Besi', 'Membuat senjata tajam berupa celurit, pisau, bedo, dll. yang diproduksi sendiri di rumah.', 'Industri Pengolahan', 'Bapak Yono', 'Dusun Krajan Rt.2 Rw.1 Ngadiredjo Kromengan.', -8.123217, 112.51891, 'https://maps.app.goo.gl/DicayY6TRkHty5Z6A', '6285956498787', '07.00-16.00', NULL, NULL);
INSERT INTO umkm_copy_of_rekap (no, nama_umkm, profil_umkm, jenis_umkm, nama_pemilik, alamat, latitude, longitude, link_gmaps, kontak, jam_operasional, berkenan, qris) VALUES (63, 'ABE Fotografi', 'Menawarkan jasa fotografi dan vidiografi panggilan rumahan.', 'Jasa Fotografi', 'Bapak Wiji', 'Dusun Krajan Rt.3 Rw.1 Ngadiredjo Kromengan.', -8.123826, 112.51876, 'https://maps.app.goo.gl/dx5ga2YEqj6Z36hC8', '6285100638083', 'Kondisional (sesuai panggilan)', NULL, NULL);
INSERT INTO umkm_copy_of_rekap (no, nama_umkm, profil_umkm, jenis_umkm, nama_pemilik, alamat, latitude, longitude, link_gmaps, kontak, jam_operasional, berkenan, qris) VALUES (64, 'Toko Bu Ririn', 'Menawarkan sembako kebutuhan rumah tangga.', 'Sembako', 'Ibu Ririn', 'Ds. Ngadiredjo RT.11 RW.2 Kecamatan Kromengan', -8.132276, 112.518231, 'https://maps.app.goo.gl/vtUA62AYqhNNj6A37', '6285706721241', '06.00-20.00', NULL, NULL);
INSERT INTO umkm_copy_of_rekap (no, nama_umkm, profil_umkm, jenis_umkm, nama_pemilik, alamat, latitude, longitude, link_gmaps, kontak, jam_operasional, berkenan, qris) VALUES (65, 'Bengkel Rogo (pijet)', 'Melayani jasa pijat segala macam keluhan.', 'Jasa Pijat', 'Bapak Miseri', 'Ds. Ngadiredjo RT.10 RW.2 Kecamatan Kromengan.', -8.13157, 112.520966, 'https://maps.app.goo.gl/qxFEgbvod1Z4RMLU9', NULL, 'Kondisional (sesuai pesanan)', NULL, NULL);
INSERT INTO umkm_copy_of_rekap (no, nama_umkm, profil_umkm, jenis_umkm, nama_pemilik, alamat, latitude, longitude, link_gmaps, kontak, jam_operasional, berkenan, qris) VALUES (66, 'Alam Jaya', 'Alam jaya menawarkan jasa pembuatan sampul rapot dan ijazah', 'Percetakan', 'Ibu Endang', 'RT 13, Dusun Krajan, Desa Ngadirejo, Kecamatan Kromengan, Kabupaten Malang, 65165', -8.132549, 112.516732, 'https://maps.app.goo.gl/NLhatmnzgkAF99Wn8', '6281217462348', '08.00-16.00', NULL, NULL);
INSERT INTO umkm_copy_of_rekap (no, nama_umkm, profil_umkm, jenis_umkm, nama_pemilik, alamat, latitude, longitude, link_gmaps, kontak, jam_operasional, berkenan, qris) VALUES (67, 'Aneka kripik Zhahroh', 'Aneka kripik zhahroh menawarkan produk makanan berbagai jenis kripik mulai dari kripik tempe, kripik pare, kripik sukun, kripik usus, dan aneka macam rempeyek', 'Makanan', 'Ibu Sukami Vivi', 'Rt 18/ Rw 03, Dusun cendol timur, Desa ngadirejo, kecamatan kromengan, Kabupaten malang', -8.129847, 112.509102, 'https://maps.app.goo.gl/hZGLrmqtF2ynvem16?g_st=aw', '6283847770141', '24 jam setiap hari (menerima pesanan)', NULL, NULL);
INSERT INTO umkm_copy_of_rekap (no, nama_umkm, profil_umkm, jenis_umkm, nama_pemilik, alamat, latitude, longitude, link_gmaps, kontak, jam_operasional, berkenan, qris) VALUES (68, 'Alvit', 'Alvit menawarkan berbagai produk makanan, antara lain kue kering, kue basah, puding, layanan katering, tumpeng, dan bucket', 'Makanan', 'Ibu Sunarti', 'Rt 23/ Rw 03, Dusun Cendol Timur, Desa Ngadirejo, Kecamatan Kromengan, Kabupaten Malang', NULL, 112.508683, 'https://goo.gl/maps/QK1mUsASgMjHpbxJ7', '6285646662439', '24 jam setiap hari (menerima pesanan)', NULL, NULL);
INSERT INTO umkm_copy_of_rekap (no, nama_umkm, profil_umkm, jenis_umkm, nama_pemilik, alamat, latitude, longitude, link_gmaps, kontak, jam_operasional, berkenan, qris) VALUES (69, 'A4N Sticker & Acrylic', 'A4N Sticker & Acrylic menawarkan jasa digital printing, foto copy, desain acrylic untuk rambu lalu lintas, souvenir acrylic, plakat wisuda, sticker, papan nama mushola, cetak dan edit foto, banner, sablon seragam dan baju.', 'jasa percetakan', 'Bapak Luvian Wijaya', 'Rt 04/ Rw 01, Dusun Krajan, Desa Ngadirejo, Kecamatan Kromengan, Kabupaten Malang', NULL, 112.520161, 'https://maps.app.goo.gl/AHmoBi6XeUBHHzSG9', '6283834514225', '08.00-17.00 WIB (Senin-minggu)', NULL, NULL);
INSERT INTO umkm_copy_of_rekap (no, nama_umkm, profil_umkm, jenis_umkm, nama_pemilik, alamat, latitude, longitude, link_gmaps, kontak, jam_operasional, berkenan, qris) VALUES (70, 'HS Photo & Studio', 'HS Photo & Studio menawarkan jasa fotografer acara wedding, wisuda, lamaran, cat walk, dan juga menyediakan tempat foto studio', 'Jasa fotografi', 'Bapak Haris', 'Rt 06/ Rw 01, Dusun Krajan, Desa Ngadirejo, Kecamatan Kromengan, Kabupaten Malang', -8.127258, 112.518978, 'https://maps.app.goo.gl/S1fs6p9B3YV3PGsGA', '6285707746109', '08.00-19.00 WIB (Senin-minggu)', NULL, NULL);
INSERT INTO umkm_copy_of_rekap (no, nama_umkm, profil_umkm, jenis_umkm, nama_pemilik, alamat, latitude, longitude, link_gmaps, kontak, jam_operasional, berkenan, qris) VALUES (71, 'Kopral cell', 'Kopral Cell menawarkan penjualan dan layanan aksesoris telepon seluler, seperti handphone baru maupun bekas (second), casing HP, charger, pengisian pulsa, serta layanan pembelian token listrik.', 'Distribusi', 'Bapak Eko Wahyudiono', 'Jl. Ngadirejo RT 12/RW 01, Dusun Krajan, Desa Ngadirejo, Kecamatan Kromengan', NULL, 112.516792, 'https://maps.app.goo.gl/3JyTs7mUahjyUV8e7', '6285655506909', '07.00-21.00 WIB', NULL, NULL);
INSERT INTO umkm_copy_of_rekap (no, nama_umkm, profil_umkm, jenis_umkm, nama_pemilik, alamat, latitude, longitude, link_gmaps, kontak, jam_operasional, berkenan, qris) VALUES (72, 'Warung Kartini', 'Warung kartini menawarkan penjualan eceran atau toko kelontong. Usaha ini menyediakan kebutuhan sehari-hari, seperti bahan makanan, minuman, bumbu dapur, produk kebersihan, serta berbagai kebutuhan rumah tangga', 'Toko kelontong', 'Ibu Miskanah', 'Jl. Ngadirejo, RT 13/RW 02, Dusun Krajan, Desa Ngadirejo, Kecamatan Kromengan', NULL, 112.516722, 'https://maps.app.goo.gl/ZGN7H3JdKK461SwLA?g_st=ac', '6281615358737', '06.30-20.00 WIB', NULL, NULL);
INSERT INTO umkm_copy_of_rekap (no, nama_umkm, profil_umkm, jenis_umkm, nama_pemilik, alamat, latitude, longitude, link_gmaps, kontak, jam_operasional, berkenan, qris) VALUES (73, 'Jual Beli Kayu', 'Usaha Bapak Jumali menyediakan penjualan kayu, baik kayu dalam bentuk bahan baku maupun kayu yang telah diolah menjadi kebutuhan konstruksi, seperti usuk dan reng.', 'Perdagangan kayu', 'Bapak Jumali', 'RT 06/RW 01, Dusun Krajan, Desa Ngadirejo, Kecamatan Kromengan', NULL, 112.519112, 'https://maps.app.goo.gl/NzsRxj32GKFPambP6', '6281358491640', '07.00 WIB - selesai', NULL, NULL);
INSERT INTO umkm_copy_of_rekap (no, nama_umkm, profil_umkm, jenis_umkm, nama_pemilik, alamat, latitude, longitude, link_gmaps, kontak, jam_operasional, berkenan, qris) VALUES (74, 'Fadhil Motor', 'Fadhil motor menawarkan jasa service dan tone up motor', 'Jasa service motor', 'Bapak Agus', 'Jl. Raya Cendol Barat, RT 26/RW 04, Dusun Cendol Barat, Desa Ngadirejo, Kecamatan, Kromengan, Kabupaten Malang', NULL, NULL, 'https://maps.app.goo.gl/nCNAZJRQECE48Wcz7?g_st=aw', '6282232985280', 'Jam 08.00', NULL, NULL);
INSERT INTO umkm_copy_of_rekap (no, nama_umkm, profil_umkm, jenis_umkm, nama_pemilik, alamat, latitude, longitude, link_gmaps, kontak, jam_operasional, berkenan, qris) VALUES (75, 'Nuri Mebel', 'Nuri Mabel merupakan usaha di bidang pengolahan dan penjualan kayu untuk kebutuhan furnitur. Kayu diperoleh dari masyarakat atau petani melalui kerja sama dengan sesama pedagang kayu. Setelah diperoleh, kayu dipotong dan diolah sesuai kebutuhan pelanggan. Jenis kayu yang tersedia cukup beragam, dengan kayu jati sebagai salah satu jenis yang paling banyak diminati karena kualitasnya yang baik. Kayu diolah menjadi bahan pembuatan berbagai produk, seperti pintu, kusen, jendela, kursi, lemari, dipan, dan berbagai perabot rumah tangga lainnya.', 'Mebel', 'Bapak Nuri', 'RT 22/RW 03, Dusun Cendol Timur, Desa Ngadirejo, Kecamatan Kromengan, Kabupaten Malang', -8.136161, 112.50847, 'https://goo.gl/maps/6rGHBy7LRyagQM8Y8?g_st=ac', '6285851471775', NULL, NULL, NULL);
INSERT INTO umkm_copy_of_rekap (no, nama_umkm, profil_umkm, jenis_umkm, nama_pemilik, alamat, latitude, longitude, link_gmaps, kontak, jam_operasional, berkenan, qris) VALUES (76, 'Cupang Cendol', 'Usaha ini menyediakan berbagai jenis ikan hias, seperti ikan guppy, cupang, ikan koki, ikan kembung, dan lain-lain. Selain itu, usaha ini juga menjual hewan kucing serta berbaai perlengkapan dan kebutuhan untuk memelihara hewan peliharaan.', 'Pedagang hewan', 'Ibu Wahyu', 'RT 26/RW 03, Dusun Cendol Timur, Desa Ngadirejo, Kecamatan Kromengan, Kanupaten Malang', -8.128596, 112.505394, 'https://maps.app.goo.gl/kv1DGR1jBqn9GrJE7?g_st=ac', '6287780122968', '24 Jam Setiap Hari', NULL, NULL);
INSERT INTO umkm_copy_of_rekap (no, nama_umkm, profil_umkm, jenis_umkm, nama_pemilik, alamat, latitude, longitude, link_gmaps, kontak, jam_operasional, berkenan, qris) VALUES (77, 'Toko Bu Susi', 'Toko bu susi menawarkan penjualan eceran atau toko kelontong yang menyediakan berbagai kebutuhan sehari-hari. Produk yang ditawarkan meliputi bahan makanan, minuman, bumbu dapur, produk kebersihan, bensin eceran, serta berbagai perlengkapan rumah tangga lainnya.', 'Toko kelontong', 'Ibu Susi', 'RT 23/RW 03, Dusun Cendol Timur, Desa Ngadirejo, Kecamatan Kromengan, Kbupaten Malang', -8.135101, 112.508155, 'https://goo.gl/maps/JWFiLwmNUyZhsmHh7', '6285746988073', '06.00-21.00', NULL, NULL);
INSERT INTO umkm_copy_of_rekap (no, nama_umkm, profil_umkm, jenis_umkm, nama_pemilik, alamat, latitude, longitude, link_gmaps, kontak, jam_operasional, berkenan, qris) VALUES (78, 'Bakso Abadi', 'Bakso abadi merupakan usaha kuliner yang menyediakan makanan bakso.', 'Makanan', 'Bapak Fendik', 'RT 29/RW 05, Dusun Karangtengah, Desa Ngadirejo, Kecamatan Kromengan', -8.144053, 112.501017, 'https://maps.app.goo.gl/jZwSxdwGtEDPRz3SA?g_st=ac', '6285607001366', '08.00-20.00', NULL, NULL);
